t_ms,base_yaw,base_pitch,elbow_pitch,wrist_roll,wrist_pitch
0.2,7.45,-97.45,99.91,0.04,-47.56
54.7,7.45,-97.45,99.91,0.04,-47.56
110.8,7.45,-97.45,99.91,0.04,-47.56
165.2,7.45,-97.45,99.91,0.04,-47.56
216.6,7.45,-97.45,99.91,0.04,-47.56
268.8,7.45,-97.45,99.91,0.04,-47.56
324.9,7.45,-97.45,99.91,0.04,-47.56
380.9,7.45,-97.45,99.91,0.04,-47.56
432.9,7.45,-97.45,99.91,0.04,-47.56
486.2,7.45,-97.45,99.91,0.04,-47.56
542.2,7.45,-97.45,99.91,0.04,-47.56
598.2,7.45,-97.45,99.91,0.04,-47.56
654.5,7.45,-97.45,99.91,0.04,-47.56
706.0,7.45,-97.45,99.91,0.04,-47.56
758.7,7.45,-97.45,99.91,0.04,-47.56
814.7,7.45,-97.45,99.91,0.04,-47.56
870.7,7.45,-97.45,99.91,0.04,-47.56
926.8,7.45,-97.45,99.91,0.04,-47.56
982.9,7.45,-97.45,99.91,0.04,-47.56
1035.5,7.45,-97.45,99.91,0.04,-47.56
1087.6,7.45,-97.45,99.91,0.04,-47.56
1142.7,7.45,-97.45,99.91,0.04,-47.56
1196.0,7.45,-97.45,99.91,0.04,-47.56
1252.0,7.45,-97.45,99.91,0.04,-47.56
1308.0,7.45,-97.45,99.91,0.04,-47.56
1363.9,7.45,-97.45,99.91,0.04,-47.56
1415.5,7.45,-97.45,99.91,0.04,-47.56
1468.0,7.45,-97.45,99.91,0.04,-47.56
1524.0,7.45,-97.45,99.91,0.04,-47.56
1575.1,7.45,-97.45,99.91,0.04,-47.56
1626.4,7.45,-97.45,99.91,0.04,-47.56
1681.4,7.45,-97.45,99.91,0.04,-47.56
1736.2,7.45,-97.45,99.91,0.04,-47.56
1792.4,7.45,-97.45,99.91,0.04,-47.56
1844.7,7.45,-97.45,99.91,0.04,-47.56
1900.6,7.45,-97.45,99.91,0.04,-47.56
1956.6,7.45,-97.45,99.91,0.04,-47.56
2012.6,7.45,-97.45,99.91,0.04,-47.56
2068.7,7.45,-97.45,99.91,0.04,-47.56
2121.8,7.45,-97.45,99.91,0.04,-47.56
2178.1,7.45,-97.45,99.91,0.04,-47.56
2231.5,7.45,-97.45,99.91,0.04,-47.56
2287.5,7.45,-97.45,99.91,0.04,-47.56
2343.5,7.45,-97.45,99.91,0.04,-47.56
2399.5,7.45,-97.45,99.91,0.04,-47.56
2455.5,7.45,-97.45,99.91,0.04,-47.56
2511.5,7.45,-97.45,99.91,0.04,-47.56
2566.7,7.45,-97.45,99.91,0.04,-47.56
2622.6,7.45,-97.45,99.91,0.04,-47.56
2678.5,7.45,-97.45,99.91,0.04,-47.56
2734.4,7.45,-97.45,99.91,0.04,-47.56
2790.3,7.45,-97.45,99.91,0.04,-47.56
2846.2,7.45,-97.45,99.91,0.04,-47.56
2897.4,7.45,-97.45,99.91,0.04,-47.56
2953.3,7.45,-97.45,99.91,0.04,-47.56
3009.2,7.45,-97.45,99.91,0.04,-47.56
3063.8,7.45,-97.45,99.91,0.04,-47.56
3116.0,7.45,-97.45,99.91,0.04,-47.56
3171.9,7.45,-97.45,99.91,0.04,-47.56
3227.8,7.45,-97.45,99.91,0.04,-47.56
3389.3,7.45,-97.45,99.91,0.04,-47.56
3445.2,7.45,-97.45,99.91,0.04,-47.56
3498.4,7.45,-97.45,99.91,0.04,-47.56
3553.1,7.45,-97.45,99.91,0.04,-47.56
3604.7,7.45,-97.45,99.91,0.04,-47.56
3660.6,7.45,-97.45,99.91,0.04,-47.56
3713.4,7.45,-97.45,99.91,0.04,-47.56
3769.3,7.45,-97.45,99.91,0.04,-47.56
3825.3,7.45,-97.45,99.91,0.04,-47.56
3881.3,7.45,-97.45,99.91,0.04,-47.56
3937.3,7.45,-97.45,99.91,0.04,-47.56
3989.4,7.45,-97.45,99.91,0.04,-47.56
4045.3,7.45,-97.45,99.91,0.04,-47.56
4098.3,7.45,-97.45,99.91,0.04,-47.56
4150.7,7.45,-97.45,99.91,0.04,-47.56
4205.2,7.45,-97.45,99.91,0.04,-47.56
4257.4,7.45,-97.45,99.91,0.04,-47.56
4309.5,7.45,-97.45,99.91,0.04,-47.56
4364.1,7.45,-97.45,99.91,0.04,-47.56
4417.4,7.45,-97.45,99.91,0.04,-47.56
4473.4,7.45,-97.45,99.91,0.04,-47.56
4529.3,7.45,-97.45,99.91,0.04,-47.56
4581.6,7.45,-97.45,99.91,0.04,-47.56
4633.6,7.45,-97.45,99.91,0.04,-47.56
4686.1,7.45,-97.45,99.91,0.04,-47.56
4742.2,7.45,-97.45,99.91,0.04,-47.56
4797.5,7.45,-97.45,99.91,0.04,-47.56
4848.9,7.45,-97.45,99.91,0.04,-47.56
4902.8,7.45,-97.45,99.91,0.04,-47.56
4958.7,7.45,-97.45,99.91,0.04,-47.56
5014.7,7.45,-97.45,99.91,0.04,-47.56
5070.7,7.45,-97.45,99.91,0.04,-47.56
5126.6,7.45,-97.45,99.91,0.04,-47.56
5182.6,7.45,-97.45,99.91,0.04,-47.56
5238.6,7.45,-97.45,99.91,0.04,-47.56
5294.6,7.45,-97.45,99.91,0.04,-47.56
5346.8,7.45,-97.45,99.91,0.04,-47.56
5398.7,7.45,-97.45,99.91,0.04,-47.56
5451.0,7.45,-97.45,99.91,0.04,-47.56
5504.6,7.45,-97.45,99.91,0.04,-47.56
5556.8,7.45,-97.45,99.91,0.04,-47.56
5612.8,7.45,-97.45,99.91,0.04,-47.56
5665.3,7.45,-97.45,99.91,0.04,-47.56
5721.4,7.45,-97.45,99.91,0.04,-47.56
5777.4,7.45,-97.45,99.91,0.04,-47.56
5833.5,7.45,-97.45,99.91,0.04,-47.56
5889.5,7.45,-97.45,99.91,0.04,-47.56
5945.5,7.45,-97.45,99.91,0.04,-47.56
5998.4,7.45,-97.45,99.91,0.04,-47.56
6050.9,7.45,-97.45,99.91,0.04,-47.56
6103.4,7.45,-97.45,99.91,0.04,-47.56
6159.3,7.45,-97.45,99.91,0.04,-47.56
6215.2,7.45,-97.45,99.91,0.04,-47.56
6266.2,7.45,-97.45,99.91,0.04,-47.56
6321.4,7.45,-97.45,99.91,0.04,-47.56
6377.4,7.45,-97.45,99.91,0.04,-47.56
6433.3,7.45,-97.45,99.91,0.04,-47.56
6487.2,7.45,-97.45,99.91,0.04,-47.56
6540.1,7.45,-97.45,99.91,0.04,-47.56
6596.1,7.45,-97.45,99.91,0.04,-47.56
6652.1,7.45,-97.45,99.91,0.04,-47.56
6708.1,7.45,-97.45,99.91,0.04,-47.56
6764.1,7.45,-97.45,99.91,0.04,-47.56
6819.3,7.45,-97.45,99.91,0.04,-47.56
6875.3,7.45,-97.45,99.91,0.04,-47.56
6931.3,7.45,-97.45,99.91,0.04,-47.56
6987.4,7.45,-97.45,99.91,0.04,-47.56
7043.4,7.45,-97.45,99.91,0.04,-47.56
7096.5,7.45,-97.45,99.91,0.04,-47.56
7148.0,7.45,-97.45,99.91,0.04,-47.56
7203.0,7.45,-97.45,99.91,0.04,-47.56
7254.7,7.45,-97.45,99.91,0.04,-47.56
7310.7,7.45,-97.45,99.91,0.04,-47.56
7366.7,7.45,-97.45,99.91,0.04,-47.56
7420.0,7.45,-97.45,99.91,0.04,-47.56
7476.1,7.45,-97.45,99.91,0.04,-47.56
7530.9,7.45,-97.45,99.91,0.04,-47.56
7586.1,7.45,-97.45,99.91,0.04,-47.56
7642.1,7.45,-97.45,99.91,0.04,-47.56
7698.1,7.45,-97.45,99.91,0.04,-47.56
7750.7,7.45,-97.45,99.91,0.04,-47.56
7802.8,7.45,-97.45,99.91,0.04,-47.56
7858.7,7.45,-97.45,99.91,0.04,-47.56
7910.1,7.45,-97.45,99.91,0.04,-47.56
7963.1,7.45,-97.45,99.91,0.04,-47.56
8017.4,7.45,-97.45,99.91,0.04,-47.56
8073.4,7.45,-97.45,99.91,0.04,-47.56
8129.4,7.45,-97.45,99.91,0.04,-47.56
8185.3,7.45,-97.45,99.91,0.04,-47.56
8241.3,7.45,-97.45,99.91,0.04,-47.56
8293.9,7.45,-97.45,99.91,0.04,-47.56
8348.0,7.45,-97.45,99.91,0.04,-47.56
8404.2,7.45,-97.45,99.91,0.04,-47.56
8460.3,7.45,-97.45,99.91,0.04,-47.56
8516.2,7.45,-97.45,99.91,0.04,-47.56
8572.3,7.45,-97.45,99.91,0.04,-47.56
8628.4,7.45,-97.45,99.91,0.04,-47.56
8680.8,7.45,-97.45,99.91,0.04,-47.56
8732.3,7.45,-97.45,99.91,0.04,-47.56
8785.4,7.45,-97.45,99.91,0.04,-47.56
8841.5,7.45,-97.45,99.91,0.04,-47.56
8897.5,7.45,-97.45,99.91,0.04,-47.56
8953.6,7.45,-97.45,99.91,0.04,-47.56
9008.9,7.45,-97.45,99.91,0.04,-47.56
9062.0,7.45,-97.45,99.91,0.04,-47.56
9118.0,7.45,-97.45,99.91,0.04,-47.56
9174.0,7.45,-97.45,99.91,0.04,-47.56
9230.0,7.45,-97.45,99.91,0.04,-47.56
9281.4,7.45,-97.45,99.91,0.04,-47.56
9337.4,7.45,-97.45,99.91,0.04,-47.56
9393.4,7.45,-97.45,99.91,0.04,-47.56
9446.4,7.45,-97.45,99.91,0.04,-47.56
9502.4,7.45,-97.45,99.91,0.04,-47.56
9558.3,7.45,-97.45,99.91,0.04,-47.56
9613.6,7.45,-97.45,99.91,0.04,-47.56
9665.4,7.45,-97.45,99.91,0.04,-47.56
9721.4,7.45,-97.45,99.91,0.04,-47.56
9777.4,7.45,-97.45,99.91,0.04,-47.56
9830.7,7.45,-97.45,99.91,0.04,-47.56
9886.7,7.45,-97.45,99.91,0.04,-47.56
9942.7,7.45,-97.45,99.91,0.04,-47.56
9998.7,7.45,-97.45,99.91,0.04,-47.56
10051.0,7.45,-97.45,99.91,0.04,-47.56
10107.2,7.45,-97.45,99.91,0.04,-47.56
10159.1,7.45,-97.45,99.91,0.04,-47.56
10214.7,7.45,-97.45,99.91,0.04,-47.56
10270.6,7.45,-97.45,99.91,0.04,-47.56
10326.6,7.45,-97.45,99.91,0.04,-47.56
10382.6,7.45,-97.45,99.91,0.04,-47.56
10436.6,7.45,-97.45,99.91,0.04,-47.56
10492.0,7.45,-97.45,99.91,0.04,-47.56
10543.4,7.45,-97.45,99.91,0.04,-47.56
10598.7,7.45,-97.45,99.91,0.04,-47.56
10651.7,7.45,-97.45,99.91,0.04,-47.56
10707.7,7.45,-97.45,99.91,0.04,-47.56
10763.7,7.45,-97.45,99.91,0.04,-47.56
10819.7,7.45,-97.45,99.91,0.04,-47.56
10872.6,7.45,-97.45,99.91,0.04,-47.56
10927.3,7.45,-97.45,99.91,0.04,-47.56
10983.2,7.45,-97.45,99.91,0.04,-47.56
11039.2,7.45,-97.45,99.91,0.04,-47.56
11094.3,7.45,-97.45,99.91,0.04,-47.56
11150.3,7.45,-97.45,99.91,0.04,-47.56
11206.4,7.45,-97.45,99.91,0.04,-47.56
11262.4,7.45,-97.45,99.91,0.04,-47.56
11315.6,7.45,-97.45,99.91,0.04,-47.56
11370.5,7.45,-97.45,99.91,0.04,-47.56
11426.5,7.45,-97.45,99.91,0.04,-47.56
11481.8,7.45,-97.45,99.91,0.04,-47.56
11538.0,7.45,-97.45,99.91,0.04,-47.56
11594.0,7.45,-97.45,99.91,0.04,-47.56
11649.4,7.45,-97.45,99.91,0.04,-47.56
11705.6,7.45,-97.45,99.91,0.04,-47.56
11761.6,7.45,-97.45,99.91,0.04,-47.56
11815.8,7.45,-97.45,99.91,0.04,-47.56
11872.0,7.45,-97.45,99.91,0.04,-47.56
11928.0,7.45,-97.45,99.91,0.04,-47.56
11984.0,7.45,-97.45,99.91,0.04,-47.56
12040.1,7.45,-97.45,99.91,0.04,-47.56
12095.6,7.45,-97.45,99.91,0.04,-47.56
12151.6,7.45,-97.45,99.91,0.04,-47.56
12204.0,7.45,-97.45,99.91,0.04,-47.56
12260.0,7.45,-97.45,99.91,0.04,-47.56
12316.1,7.45,-97.45,99.91,0.04,-47.56
12372.0,7.45,-97.45,99.91,0.04,-47.56
12428.0,7.45,-97.45,99.91,0.04,-47.56
12483.9,7.45,-97.45,99.91,0.04,-47.56
12540.0,7.45,-97.45,99.91,0.04,-47.56
12596.0,7.45,-97.45,99.91,0.04,-47.56
12652.1,7.45,-97.45,99.91,0.04,-47.56
12705.0,7.45,-97.45,99.91,0.04,-47.56
12756.9,7.45,-97.45,99.91,0.04,-47.56
12812.9,7.45,-97.45,99.91,0.04,-47.56
12867.4,7.45,-97.45,99.91,0.04,-47.56
12923.6,7.45,-97.45,99.91,0.04,-47.56
12979.5,7.45,-97.45,99.91,0.04,-47.56
13035.5,7.45,-97.45,99.91,0.04,-47.56
13091.5,7.45,-97.45,99.91,0.04,-47.56
13147.5,7.45,-97.45,99.91,0.04,-47.56
13203.5,7.45,-97.45,99.91,0.04,-47.56
13259.5,7.45,-97.45,99.91,0.04,-47.56
13315.4,7.45,-97.45,99.91,0.04,-47.56
13366.7,7.45,-97.45,99.91,0.04,-47.56
13419.4,7.45,-97.45,99.91,0.04,-47.56
13472.7,7.45,-97.45,99.91,0.04,-47.56
13528.7,7.45,-97.45,99.91,0.04,-47.56
13581.9,7.45,-97.45,99.91,0.04,-47.56
13637.9,7.45,-97.45,99.91,0.04,-47.56
13691.6,7.45,-97.45,99.91,0.04,-47.56
13747.6,7.45,-97.45,99.91,0.04,-47.56
13803.6,7.45,-97.45,99.91,0.04,-47.56
13859.8,7.45,-97.45,99.91,0.04,-47.56
13915.7,7.45,-97.45,99.91,0.04,-47.56
13971.7,7.45,-97.45,99.91,0.04,-47.56
14027.7,7.45,-97.45,99.91,0.04,-47.56
14083.7,7.45,-97.45,99.91,0.04,-47.56
14139.7,7.45,-97.45,99.91,0.04,-47.56
14193.3,7.45,-97.45,99.91,0.04,-47.56
14249.4,7.45,-97.45,99.91,0.04,-47.56
14305.4,7.45,-97.45,99.91,0.04,-47.56
14361.4,7.45,-97.45,99.91,0.04,-47.56
14417.4,7.45,-97.45,99.91,0.04,-47.56
14473.5,7.45,-97.45,99.91,0.04,-47.56
14524.8,7.45,-97.45,99.91,0.04,-47.56
14577.5,7.45,-97.45,99.91,0.04,-47.56
14630.7,7.45,-97.45,99.91,0.04,-47.56
14682.8,7.45,-97.45,99.91,0.04,-47.56
14737.4,7.45,-97.45,99.91,0.04,-47.56
14793.5,7.45,-97.45,99.91,0.04,-47.56
14849.5,7.45,-97.45,99.91,0.04,-47.56
14904.9,7.45,-97.45,99.91,0.04,-47.56
14960.0,7.45,-97.45,99.91,0.04,-47.56
15014.7,7.45,-97.45,99.91,0.04,-47.56
15066.7,7.45,-97.45,99.91,0.04,-47.56
15122.8,7.45,-97.45,99.91,0.04,-47.56
15178.8,7.45,-97.45,99.91,0.04,-47.56
15234.9,7.45,-97.45,99.91,0.04,-47.56
15290.5,7.45,-97.45,99.91,0.04,-47.56
15343.4,7.45,-97.45,99.91,0.04,-47.56
15399.3,7.45,-97.45,99.91,0.04,-47.56
15452.5,7.45,-97.45,99.91,0.04,-47.56
15505.4,7.45,-97.45,99.91,0.04,-47.56
15561.4,7.45,-97.45,99.91,0.04,-47.56
15617.4,7.45,-97.45,99.91,0.04,-47.56
15673.4,7.45,-97.45,99.91,0.04,-47.56
15729.4,7.45,-97.45,99.91,0.04,-47.56
15782.7,7.45,-97.45,99.91,0.04,-47.56
15837.4,7.45,-97.45,99.91,0.04,-47.56
15893.4,7.45,-97.45,99.91,0.04,-47.56
15948.0,7.45,-97.45,99.91,0.04,-47.56
16004.1,7.45,-97.45,99.91,0.04,-47.56
16055.5,7.45,-97.45,99.91,0.04,-47.56
16108.0,7.45,-97.45,99.91,0.04,-47.56
16161.4,7.45,-97.45,99.91,0.04,-47.56
16214.7,7.45,-97.45,99.91,0.04,-47.56
16270.5,7.45,-97.45,99.91,0.04,-47.56
16326.5,7.45,-97.45,99.91,0.04,-47.56
16381.8,7.45,-97.45,99.91,0.04,-47.56
16433.4,7.45,-97.45,99.91,0.04,-47.56
16489.5,7.45,-97.45,99.91,0.04,-47.56
16545.4,7.45,-97.45,99.91,0.04,-47.56
16598.8,7.45,-97.45,99.91,0.04,-47.56
16654.8,7.45,-97.45,99.91,0.04,-47.56
16710.8,7.45,-97.45,99.91,0.04,-47.56
16766.8,7.45,-97.45,99.91,0.04,-47.56
16822.9,7.45,-97.45,99.91,0.04,-47.56
16878.8,7.45,-97.45,99.91,0.04,-47.56
16934.7,7.45,-97.45,99.91,0.04,-47.56
16990.8,7.45,-97.45,99.91,0.04,-47.56
17046.9,7.45,-97.45,99.91,0.04,-47.56
17099.9,7.45,-97.45,99.91,0.04,-47.56
17153.5,7.45,-97.45,99.91,0.04,-47.56
17209.7,7.45,-97.45,99.91,0.04,-47.56
17265.4,7.45,-97.45,99.91,0.04,-47.56
17317.6,7.45,-97.45,99.91,0.04,-47.56
17371.5,7.45,-97.45,99.91,0.04,-47.56
17427.6,7.45,-97.45,99.91,0.04,-47.56
17482.3,7.45,-97.45,99.91,0.04,-47.56
17538.4,7.45,-97.45,99.91,0.04,-47.56
17594.3,7.45,-97.45,99.91,0.04,-47.56
17649.4,7.45,-97.45,99.91,0.04,-47.56
17705.4,7.45,-97.45,99.91,0.04,-47.56
17761.4,7.45,-97.45,99.91,0.04,-47.56
17817.3,7.45,-97.45,99.91,0.04,-47.56
17869.4,7.45,-97.45,99.91,0.04,-47.56
17925.5,7.45,-97.45,99.91,0.04,-47.56
17978.0,7.45,-97.45,99.91,0.04,-47.56
18033.4,7.45,-97.45,99.91,0.04,-47.56
18089.3,7.45,-97.45,99.91,0.04,-47.56
18144.6,7.45,-97.45,99.91,0.04,-47.56
18197.9,7.45,-97.45,99.91,0.04,-47.56
18252.7,7.45,-97.45,99.91,0.04,-47.56
18305.4,7.45,-97.45,99.91,0.04,-47.56
18361.3,7.45,-97.45,99.91,0.04,-47.56
18415.2,7.45,-97.45,99.91,0.04,-47.56
18469.4,7.45,-97.45,99.91,0.04,-47.56
18524.1,7.45,-97.45,99.91,0.04,-47.56
18576.7,7.45,-97.45,99.91,0.04,-47.56
18632.6,7.45,-97.45,99.91,0.04,-47.56
18688.8,7.45,-97.45,99.91,0.04,-47.56
18744.8,7.45,-97.45,99.91,0.04,-47.56
18800.8,7.45,-97.45,99.91,0.04,-47.56
18856.9,7.45,-97.45,99.91,0.04,-47.56
18913.0,7.45,-97.45,99.91,0.04,-47.56
18966.7,7.45,-97.45,99.91,0.04,-47.56
19021.1,7.45,-97.45,99.91,0.04,-47.56
19076.6,7.45,-97.45,99.91,0.04,-47.56
19131.9,7.45,-97.45,99.91,0.04,-47.56
19188.2,7.45,-97.45,99.91,0.04,-47.56
19244.2,7.45,-97.45,99.91,0.04,-47.56
19300.3,7.45,-97.45,99.91,0.04,-47.56
19356.0,7.45,-97.45,99.91,0.04,-47.56
19412.0,7.45,-97.45,99.91,0.04,-47.56
19467.9,7.45,-97.45,99.91,0.04,-47.56
19524.0,7.45,-97.45,99.91,0.04,-47.56
19579.9,7.45,-97.45,99.91,0.04,-47.56
19635.9,7.45,-97.45,99.91,0.04,-47.56
19692.0,7.45,-97.45,99.91,0.04,-47.56
19748.0,7.45,-97.45,99.91,0.04,-47.56
19799.3,7.45,-97.45,99.91,0.04,-47.56
19855.3,7.45,-97.45,99.91,0.04,-47.56
19911.3,7.45,-97.45,99.91,0.04,-47.56
19965.6,7.45,-97.45,99.91,0.04,-47.56
20017.4,7.45,-97.45,99.91,0.04,-47.56
20073.4,7.45,-97.45,99.91,0.04,-47.56
20129.4,7.45,-97.45,99.91,0.04,-47.56
20185.4,7.45,-97.45,99.91,0.04,-47.56
20241.4,7.45,-97.45,99.91,0.04,-47.56
20297.4,7.45,-97.45,99.91,0.04,-47.56
20353.4,7.45,-97.45,99.91,0.04,-47.56
20406.7,7.45,-97.45,99.91,0.04,-47.56
20458.3,7.45,-97.45,99.91,0.04,-47.56
20513.4,7.45,-97.45,99.91,0.04,-47.56
20565.1,7.45,-97.45,99.91,0.04,-47.56
20616.7,7.45,-97.45,99.91,0.04,-47.56
20668.0,7.45,-97.45,99.91,0.04,-47.56
20724.1,7.45,-97.45,99.91,0.04,-47.56
20780.3,7.45,-97.45,99.91,0.04,-47.56
20833.4,7.45,-97.45,99.91,0.04,-47.56
20889.4,7.45,-97.45,99.91,0.04,-47.56
20945.4,7.45,-97.45,99.91,0.04,-47.56
21001.4,7.45,-97.45,99.91,0.04,-47.56
21057.6,7.45,-97.45,99.91,0.04,-47.56
21113.6,7.45,-97.45,99.91,0.04,-47.56
21164.9,7.45,-97.45,99.91,0.04,-47.56
21220.5,7.45,-97.45,99.91,0.04,-47.56
21276.5,7.45,-97.45,99.91,0.04,-47.56
21332.5,7.45,-97.45,99.91,0.04,-47.56
21388.1,7.45,-97.45,99.91,0.04,-47.56
21444.2,7.45,-97.45,99.91,0.04,-47.56
21500.1,7.45,-97.45,99.91,0.04,-47.56
21556.2,7.45,-97.45,99.91,0.04,-47.56
21612.1,7.45,-97.45,99.91,0.04,-47.56
21666.4,7.45,-97.45,99.91,0.04,-47.56
21722.3,7.45,-97.45,99.91,0.04,-47.56
21778.5,7.45,-97.45,99.91,0.04,-47.56
21834.5,7.45,-97.45,99.91,0.04,-47.56
21886.1,7.45,-97.45,99.91,0.04,-47.56
21942.1,7.45,-97.45,99.91,0.04,-47.56
21998.1,7.45,-97.45,99.91,0.04,-47.56
22051.8,7.45,-97.45,99.91,0.04,-47.56
22103.4,7.45,-97.45,99.91,0.04,-47.56
22159.4,7.45,-97.45,99.91,0.04,-47.56
22212.7,7.45,-97.45,99.91,0.04,-47.56
22268.8,7.45,-97.45,99.91,0.04,-47.56
22324.7,7.45,-97.45,99.91,0.04,-47.56
