timestamp,base_yaw.pos,base_pitch.pos,elbow_pitch.pos,wrist_roll.pos,wrist_pitch.pos
282537.111917875,6.277372262773724,-99.91514637250742,99.48497854077254,-2.623655913978496,-34.38045375218151
282537.150301833,6.277372262773724,-99.91514637250742,99.48497854077254,-2.623655913978496,-34.38045375218151
282537.187191458,6.277372262773724,-99.91514637250742,99.48497854077254,-2.623655913978496,-34.38045375218151
282537.225537833,6.277372262773724,-99.91514637250742,99.48497854077254,-2.623655913978496,-34.38045375218151
282537.263878291,6.277372262773724,-99.91514637250742,99.48497854077254,-2.623655913978496,-34.38045375218151
282537.302226583,6.277372262773724,-99.91514637250742,99.48497854077254,-2.623655913978496,-34.38045375218151
282537.340580125,6.277372262773724,-99.91514637250742,99.48497854077254,-2.623655913978496,-34.38045375218151
282537.378931416,6.277372262773724,-99.91514637250742,99.48497854077254,-2.623655913978496,-34.38045375218151
282537.41728325,6.277372262773724,-99.91514637250742,99.48497854077254,-2.623655913978496,-34.38045375218151
282537.455648958,6.277372262773724,-99.91514637250742,99.48497854077254,-2.623655913978496,-34.38045375218151
282537.494021541,6.277372262773724,-99.91514637250742,99.48497854077254,-2.623655913978496,-34.38045375218151
282537.532385458,6.277372262773724,-99.91514637250742,99.48497854077254,-2.623655913978496,-34.38045375218151
282537.570742625,6.277372262773724,-99.91514637250742,99.48497854077254,-2.623655913978496,-34.38045375218151
282537.60782275,6.277372262773724,-99.91514637250742,99.48497854077254,-2.623655913978496,-34.38045375218151
282537.646163708,6.277372262773724,-99.91514637250742,99.48497854077254,-2.623655913978496,-34.38045375218151
282537.684514708,6.277372262773724,-99.91514637250742,99.48497854077254,-2.623655913978496,-34.38045375218151
282537.722863458,6.277372262773724,-99.91514637250742,99.48497854077254,-2.623655913978496,-34.38045375218151
282537.761212833,6.277372262773724,-99.91514637250742,99.48497854077254,-2.623655913978496,-34.38045375218151
282537.799567041,6.277372262773724,-99.91514637250742,99.48497854077254,-2.623655913978496,-34.38045375218151
282537.837942208,6.277372262773724,-99.91514637250742,99.48497854077254,-2.623655913978496,-34.38045375218151
282537.876307,6.277372262773724,-99.91514637250742,99.48497854077254,-2.623655913978496,-34.38045375218151
282537.914659458,6.277372262773724,-99.91514637250742,99.48497854077254,-2.623655913978496,-34.38045375218151
282537.953008,6.277372262773724,-99.91514637250742,99.48497854077254,-2.623655913978496,-34.38045375218151
282537.991347083,6.277372262773724,-99.91514637250742,99.48497854077254,-2.623655913978496,-34.38045375218151
282538.029696875,6.277372262773724,-99.91514637250742,99.48497854077254,-2.623655913978496,-34.38045375218151
282538.068049083,6.277372262773724,-99.91514637250742,99.48497854077254,-2.623655913978496,-34.38045375218151
282538.104059375,6.277372262773724,-99.91514637250742,99.48497854077254,-2.623655913978496,-34.38045375218151
282538.142412,6.277372262773724,-99.91514637250742,99.48497854077254,-2.623655913978496,-34.38045375218151
282538.180784666,6.277372262773724,-99.91514637250742,99.48497854077254,-2.623655913978496,-34.38045375218151
282538.217732958,6.277372262773724,-99.91514637250742,99.48497854077254,-2.623655913978496,-34.38045375218151
282538.256104041,6.277372262773724,-99.91514637250742,99.48497854077254,-2.623655913978496,-34.38045375218151
282538.293783041,6.277372262773724,-99.91514637250742,99.48497854077254,-2.623655913978496,-34.38045375218151
282538.332124625,6.277372262773724,-99.91514637250742,99.48497854077254,-2.623655913978496,-34.38045375218151
282538.370464708,6.37469586374695,-99.91514637250742,99.48497854077254,-2.623655913978496,-34.38045375218151
282538.408822458,6.472019464720205,-99.91514637250742,99.48497854077254,-2.623655913978496,-34.38045375218151
282538.447172,6.472019464720205,-99.91514637250742,99.48497854077254,-2.623655913978496,-34.38045375218151
282538.485521375,6.472019464720205,-99.91514637250742,99.48497854077254,-2.623655913978496,-34.38045375218151
282538.523874791,6.472019464720205,-99.91514637250742,99.48497854077254,-2.623655913978496,-34.38045375218151
282538.562254,6.472019464720205,-99.91514637250742,99.48497854077254,-2.623655913978496,-34.38045375218151
282538.59784075,6.472019464720205,-99.91514637250742,99.48497854077254,-2.623655913978496,-34.38045375218151
282538.636192833,6.472019464720205,-99.91514637250742,99.48497854077254,-2.623655913978496,-34.38045375218151
282538.674545,6.472019464720205,-99.91514637250742,99.48497854077254,-2.623655913978496,-34.38045375218151
282538.712886583,6.472019464720205,-99.91514637250742,99.48497854077254,-2.623655913978496,-34.38045375218151
282538.751222916,6.472019464720205,-99.91514637250742,99.48497854077254,-2.623655913978496,-34.38045375218151
282538.789569625,6.472019464720205,-99.91514637250742,99.48497854077254,-2.623655913978496,-34.38045375218151
282538.827922208,6.472019464720205,-99.91514637250742,99.48497854077254,-2.623655913978496,-34.38045375218151
282538.866271416,6.472019464720205,-99.91514637250742,99.48497854077254,-2.623655913978496,-34.38045375218151
282538.904623708,6.472019464720205,-99.91514637250742,99.48497854077254,-2.623655913978496,-34.38045375218151
282538.940398291,6.472019464720205,-99.91514637250742,99.48497854077254,-2.623655913978496,-34.38045375218151
282538.978761375,6.472019464720205,-99.91514637250742,99.48497854077254,-2.623655913978496,-34.38045375218151
282539.017133416,6.472019464720205,-99.91514637250742,99.48497854077254,-2.623655913978496,-34.38045375218151
282539.05548925,6.472019464720205,-99.91514637250742,99.48497854077254,-2.623655913978496,-34.38045375218151
282539.093830958,6.472019464720205,-99.91514637250742,99.48497854077254,-2.623655913978496,-34.38045375218151
282539.13218,6.472019464720205,-99.91514637250742,99.48497854077254,-2.623655913978496,-34.38045375218151
282539.1705305,6.472019464720205,-99.91514637250742,99.48497854077254,-2.623655913978496,-34.38045375218151
282539.208881583,6.472019464720205,-99.91514637250742,99.48497854077254,-2.623655913978496,-34.38045375218151
282539.247233666,6.472019464720205,-99.91514637250742,99.48497854077254,-2.623655913978496,-34.38045375218151
282539.285582791,6.472019464720205,-99.91514637250742,99.48497854077254,-2.623655913978496,-34.38045375218151
282539.323964625,6.472019464720205,-99.91514637250742,99.48497854077254,-2.623655913978496,-34.38045375218151
282539.36233375,6.472019464720205,-99.91514637250742,99.48497854077254,-2.623655913978496,-34.38045375218151
282539.397916083,6.472019464720205,-99.83029274501484,99.48497854077254,-2.623655913978496,-34.38045375218151
282539.436256541,6.472019464720205,-99.74543911752228,99.48497854077254,-2.623655913978496,-34.38045375218151
282539.47459725,6.472019464720205,-99.74543911752228,99.48497854077254,-2.623655913978496,-34.38045375218151
282539.512948541,6.472019464720205,-99.6605854900297,99.48497854077254,-2.623655913978496,-34.38045375218151
282539.551300791,6.37469586374695,-99.57573186253713,99.48497854077254,-2.623655913978496,-34.38045375218151
282539.589645333,6.37469586374695,-99.06661009758167,99.48497854077254,-2.623655913978496,-34.38045375218151
282539.627996833,6.37469586374695,-98.21807382265592,99.48497854077254,-2.623655913978496,-34.38045375218151
282539.666380875,6.37469586374695,-97.03012303775986,99.48497854077254,-2.623655913978496,-34.38045375218151
282539.704739291,6.37469586374695,-95.58761137038609,99.48497854077254,-2.623655913978496,-34.38045375218151
282539.743099416,6.37469586374695,-94.06024607551973,99.48497854077254,-2.623655913978496,-34.38045375218151
282539.780413416,6.37469586374695,-92.53288078065337,99.48497854077254,-2.623655913978496,-34.38045375218151
282539.818754916,6.37469586374695,-91.00551548578701,99.48497854077254,-2.623655913978496,-34.38045375218151
282539.857096083,6.37469586374695,-89.47815019092066,99.48497854077254,-2.623655913978496,-34.38045375218151
282539.895449041,6.37469586374695,-88.03563852354688,99.48497854077254,-2.623655913978496,-34.38045375218151
282539.933183791,6.37469586374695,-86.67798048366568,99.48497854077254,-2.623655913978496,-34.38045375218151
282539.971536083,6.37469586374695,-85.49002969876962,99.48497854077254,-2.623655913978496,-34.38045375218151
282540.009886583,6.277372262773724,-84.38693254136615,99.48497854077254,-2.623655913978496,-34.38045375218151
282540.048250166,6.277372262773724,-83.36868901145525,99.48497854077254,-2.623655913978496,-34.38045375218151
282540.08420975,6.277372262773724,-82.52015273652948,99.48497854077254,-2.623655913978496,-34.38045375218151
282540.122555375,6.277372262773724,-81.67161646160373,99.48497854077254,-2.623655913978496,-34.38045375218151
282540.160896166,6.277372262773724,-80.82308018667798,99.48497854077254,-2.623655913978496,-34.38045375218151
282540.19923775,6.277372262773724,-80.14425116673738,99.48497854077254,-2.623655913978496,-34.38045375218151
282540.23758675,6.277372262773724,-79.3805685193042,99.48497854077254,-2.623655913978496,-34.38045375218151
282540.275938,6.277372262773724,-78.61688587187102,99.48497854077254,-2.623655913978496,-34.38045375218151
282540.314289916,6.277372262773724,-77.85320322443785,99.48497854077254,-2.623655913978496,-34.38045375218151
282540.35264125,6.277372262773724,-77.00466694951209,99.48497854077254,-2.623655913978496,-34.38045375218151
282540.391016166,6.277372262773724,-76.15613067458634,99.48497854077254,-2.623655913978496,-34.38045375218151
282540.429380833,6.277372262773724,-75.30759439966059,99.48497854077254,-2.623655913978496,-34.38045375218151
282540.467753708,6.277372262773724,-74.28935086974968,99.48497854077254,-2.623655913978496,-34.38045375218151
282540.506106708,6.277372262773724,-73.01654645736104,99.48497854077254,-2.623655913978496,-34.38045375218151
282540.544450875,6.277372262773724,-71.57403478998728,99.48497854077254,-2.623655913978496,-34.38045375218151
282540.582788583,6.277372262773724,-69.87696224013577,99.48497854077254,-2.623655913978496,-34.38045375218151
282540.621142333,6.277372262773724,-67.92532880780654,99.48497854077254,-2.623655913978496,-34.38045375218151
282540.659495,6.277372262773724,-66.05854900296988,99.48497854077254,-2.623655913978496,-34.38045375218151
282540.697847208,6.277372262773724,-64.36147645311837,99.48497854077254,-2.623655913978496,-34.38045375218151
282540.736200583,6.277372262773724,-62.74925753075944,99.48497854077254,-2.623655913978496,-34.38045375218151
282540.774562708,6.277372262773724,-61.22189223589308,99.48497854077254,-2.623655913978496,-34.38045375218151
282540.812918333,6.277372262773724,-59.86423419601188,99.48497854077254,-2.623655913978496,-34.38045375218151
282540.851271166,6.277372262773724,-58.7611370386084,99.48497854077254,-2.623655913978496,-34.38045375218151
282540.885353625,6.277372262773724,-58.16716164616037,99.48497854077254,-2.623655913978496,-34.38045375218151
282540.923694666,6.277372262773724,-57.65803988120492,99.48497854077254,-2.623655913978496,-34.38045375218151
282540.962031291,6.277372262773724,-57.48833262621977,99.48497854077254,-2.623655913978496,-34.38045375218151
282541.000377541,6.277372262773724,-57.57318625371234,99.48497854077254,-2.623655913978496,-34.38045375218151
282541.038726083,6.277372262773724,-57.57318625371234,99.48497854077254,-2.623655913978496,-34.38045375218151
282541.077075125,6.277372262773724,-57.403478998727195,99.48497854077254,-2.623655913978496,-34.38045375218151
282541.115423,6.472019464720205,-57.06406448875689,99.31330472103005,-2.623655913978496,-34.38045375218151
282541.15379375,6.569343065693431,-56.89435723377174,99.31330472103005,-2.623655913978496,-34.38045375218151
282541.1906955,6.569343065693431,-56.554942723801446,99.22746781115882,-2.623655913978496,-34.38045375218151
282541.229053625,6.569343065693431,-55.960967331353416,98.96995708154506,-2.623655913978496,-34.38045375218151
282541.267402708,6.472019464720205,-55.62155282138311,98.11158798283262,-2.623655913978496,-34.38045375218151
282541.305739625,6.277372262773724,-55.451845566397964,96.48068669527896,-2.623655913978496,-34.38045375218151
282541.344090541,6.277372262773724,-55.282138311412815,94.59227467811161,-2.623655913978496,-34.38045375218151
282541.382442416,6.277372262773724,-55.11243105642766,92.01716738197425,-2.623655913978496,-34.38045375218151
282541.420793541,6.277372262773724,-55.02757742893509,89.44206008583691,-2.623655913978496,-34.38045375218151
282541.459145916,6.472019464720205,-54.94272380144251,87.12446351931331,-2.623655913978496,-34.38045375218151
282541.497495,6.472019464720205,-54.94272380144251,84.9785407725322,-2.623655913978496,-34.38045375218151
282541.535877208,6.472019464720205,-54.857870173949934,83.17596566523605,-2.623655913978496,-34.38045375218151
282541.573814333,6.569343065693431,-54.857870173949934,81.80257510729615,-2.623655913978496,-34.38045375218151
282541.612161583,6.569343065693431,-54.857870173949934,80.60085836909872,-2.623655913978496,-34.38045375218151
282541.650507458,6.569343065693431,-54.773016546457356,79.57081545064378,-2.623655913978496,-34.38045375218151
282541.688847583,6.569343065693431,-54.603309291472215,78.71244635193133,-2.623655913978496,-34.38045375218151
282541.727196416,6.569343065693431,-53.839626644039036,78.02575107296136,-2.623655913978496,-34.38045375218151
282541.765546,6.569343065693431,-52.48196860415783,77.3390557939914,-2.623655913978496,-34.38045375218151
282541.80389825,6.569343065693431,-50.95460330929147,76.56652360515022,-2.623655913978496,-34.38045375218151
282541.842246,6.569343065693431,-49.25753075943997,75.70815450643778,-2.623655913978496,-34.38045375218151
282541.88061375,6.569343065693431,-47.64531183708104,74.76394849785407,-2.623655913978496,-34.38045375218151
282541.918041125,6.569343065693431,-46.033092914722104,73.73390557939913,-2.623655913978496,-34.38045375218151
282541.956026833,6.569343065693431,-44.42087399236318,72.53218884120173,-2.623655913978496,-34.38045375218151
282541.994378458,6.569343065693431,-42.97836232498939,71.1587982832618,-2.623655913978496,-34.38045375218151
282542.032719208,6.569343065693431,-41.70555791260077,69.61373390557938,-2.623655913978496,-34.38045375218151
282542.071059583,6.569343065693431,-40.60246075519729,67.98283261802575,-2.623655913978496,-34.38045375218151
282542.109408208,6.569343065693431,-39.66907085277895,66.43776824034336,-2.623655913978496,-34.38045375218151
282542.146660708,6.569343065693431,-38.8205345778532,64.72103004291844,-2.623655913978496,-34.38045375218151
282542.185012916,6.569343065693431,-38.141705557912594,63.090128755364816,-2.623655913978496,-34.38045375218151
282542.223357791,6.569343065693431,-37.37802291047942,61.45922746781116,-2.623655913978496,-34.38045375218151
282542.257130333,6.569343065693431,-36.614340263046245,60.0,-2.623655913978496,-34.38045375218151
282542.29219175,6.569343065693431,-35.93551124310565,58.369098712446345,-2.623655913978496,-34.38045375218151
282542.330544416,6.569343065693431,-35.08697496817989,56.652360515021456,-2.623655913978496,-34.38045375218151
282542.368897916,6.569343065693431,-34.32329232074672,55.02145922746783,-2.623655913978496,-34.38045375218151
282542.407235541,6.569343065693431,-33.559609673313545,53.30472103004291,-2.623655913978496,-34.38045375218151
282542.445576208,6.569343065693431,-32.88078065337294,51.673819742489286,-2.623655913978496,-34.38045375218151
282542.483930083,6.569343065693431,-32.28680526092489,50.04291845493563,-2.623655913978496,-34.38045375218151
282542.522282041,6.569343065693431,-31.777683495969455,48.49785407725321,-2.623655913978496,-34.38045375218151
282542.559940125,6.569343065693431,-31.35341535850658,47.12446351931331,-2.623655913978496,-34.38045375218151
282542.59829275,6.569343065693431,-31.01400084853627,45.836909871244615,-2.623655913978496,-34.38045375218151
282542.636671166,6.569343065693431,-30.929147221043692,44.72103004291844,-2.623655913978496,-34.38045375218151
282542.675025416,6.569343065693431,-30.929147221043692,43.776824034334766,-2.623655913978496,-34.38045375218151
282542.713378916,6.569343065693431,-30.929147221043692,42.91845493562232,-2.623655913978496,-34.38045375218151
282542.751092333,6.569343065693431,-30.929147221043692,42.317596566523605,-2.623655913978496,-34.38045375218151
282542.789430333,6.569343065693431,-30.929147221043692,41.71673819742489,-2.623655913978496,-34.38045375218151
282542.827782666,6.569343065693431,-30.929147221043692,41.20171673819743,-2.623655913978496,-34.38045375218151
282542.862585375,6.569343065693431,-31.01400084853627,40.858369098712444,-2.623655913978496,-34.38045375218151
282542.900936666,6.569343065693431,-31.098854476028848,40.34334763948496,-2.623655913978496,-34.38045375218151
282542.939287833,6.569343065693431,-31.098854476028848,39.828326180257505,-2.623655913978496,-34.38045375218151
282542.977636291,6.569343065693431,-31.098854476028848,39.141630901287556,-2.623655913978496,-34.38045375218151
282543.016010166,6.569343065693431,-31.098854476028848,38.45493562231758,-2.623655913978496,-34.38045375218151
282543.054369416,6.569343065693431,-31.098854476028848,37.682403433476395,-2.623655913978496,-34.38045375218151
282543.092719583,6.569343065693431,-31.098854476028848,36.82403433476395,-2.623655913978496,-34.38045375218151
282543.127219541,6.569343065693431,-31.01400084853627,36.223175965665234,-2.623655913978496,-34.38045375218151
282543.165556458,6.569343065693431,-31.01400084853627,35.622317596566546,-2.623655913978496,-34.38045375218151
282543.203905125,6.569343065693431,-31.01400084853627,35.02145922746783,-2.623655913978496,-34.38045375218151
282543.242256625,6.569343065693431,-31.01400084853627,34.506437768240346,-2.623655913978496,-34.38045375218151
282543.280603875,6.569343065693431,-31.01400084853627,33.99141630901289,-2.623655913978496,-34.38045375218151
282543.318955833,6.569343065693431,-31.098854476028848,33.56223175965664,-2.623655913978496,-34.38045375218151
282543.357334958,6.569343065693431,-31.098854476028848,33.047210300429185,-2.623655913978496,-34.38045375218151
282543.395699166,6.569343065693431,-31.098854476028848,32.53218884120173,-2.623655913978496,-34.38045375218151
282543.434052833,6.569343065693431,-31.098854476028848,32.10300429184548,-2.623655913978496,-34.38045375218151
282543.4724055,6.569343065693431,-31.098854476028848,31.587982832618025,-2.623655913978496,-34.38045375218151
282543.510746958,6.569343065693431,-31.01400084853627,31.158798283261802,-2.623655913978496,-34.38045375218151
282543.5490875,6.569343065693431,-31.01400084853627,30.72961373390558,-2.623655913978496,-34.38045375218151
282543.587439416,6.569343065693431,-31.01400084853627,30.128755364806864,-2.623655913978496,-34.38045375218151
282543.62330075,6.472019464720205,-31.01400084853627,29.527896995708147,-2.623655913978496,-34.38045375218151
282543.661644291,6.472019464720205,-31.01400084853627,28.841201716738198,-2.623655913978496,-34.38045375218151
282543.699996125,6.472019464720205,-30.929147221043692,28.068669527896986,-2.623655913978496,-34.38045375218151
282543.738377083,6.472019464720205,-30.929147221043692,27.381974248927037,-2.623655913978496,-34.38045375218151
282543.776489916,6.472019464720205,-30.929147221043692,26.60944206008584,-2.623655913978496,-34.38045375218151
282543.814842833,6.472019464720205,-30.929147221043692,26.180257510729604,-2.623655913978496,-34.38045375218151
282543.849016041,6.472019464720205,-30.929147221043692,25.83690987124463,-2.623655913978496,-34.38045375218151
282543.887358375,6.472019464720205,-30.929147221043692,25.66523605150215,-2.623655913978496,-34.38045375218151
282543.925710291,6.472019464720205,-30.929147221043692,25.66523605150215,-2.623655913978496,-34.38045375218151
282543.964062625,6.472019464720205,-30.929147221043692,25.66523605150215,-2.623655913978496,-34.38045375218151
282544.002412375,6.472019464720205,-30.929147221043692,25.751072961373396,-2.623655913978496,-34.38045375218151
282544.040766208,6.277372262773724,-30.929147221043692,25.751072961373396,-2.623655913978496,-34.38045375218151
282544.076086916,6.277372262773724,-30.929147221043692,25.83690987124463,-2.623655913978496,-34.38045375218151
282544.1144545,6.277372262773724,-30.929147221043692,26.094420600858356,-2.623655913978496,-34.38045375218151
282544.14958125,6.277372262773724,-30.929147221043692,26.95278969957083,-2.623655913978496,-34.38045375218151
282544.183626916,6.37469586374695,-30.929147221043692,27.98283261802574,-2.623655913978496,-34.38045375218151
282544.221979583,6.37469586374695,-30.929147221043692,29.785407725321875,-2.623655913978496,-34.38045375218151
282544.260320166,6.37469586374695,-30.929147221043692,32.10300429184548,-2.623655913978496,-34.38045375218151
282544.298668916,6.37469586374695,-30.929147221043692,35.193133047210296,-2.623655913978496,-34.38045375218151
282544.33702,6.37469586374695,-30.929147221043692,38.28326180257511,-2.623655913978496,-34.38045375218151
282544.373614166,6.277372262773724,-31.098854476028848,41.37339055793993,-2.623655913978496,-34.38045375218151
282544.411967,6.277372262773724,-31.098854476028848,44.120171673819755,-2.623655913978496,-34.38045375218151
282544.450336583,6.180048661800484,-31.183708103521425,46.3519313304721,-2.623655913978496,-34.38045375218151
282544.488704291,6.180048661800484,-31.183708103521425,47.725321888412,-2.623655913978496,-34.38045375218151
282544.523584625,6.180048661800484,-31.268561731014003,47.89699570815452,-2.623655913978496,-34.38045375218151
282544.558574083,6.180048661800484,-31.268561731014003,47.725321888412,-2.623655913978496,-34.38045375218151
282544.596916375,6.180048661800484,-31.268561731014003,47.12446351931331,-2.623655913978496,-34.38045375218151
282544.635254333,6.180048661800484,-31.268561731014003,46.09442060085837,-2.623655913978496,-34.38045375218151
282544.673603416,6.180048661800484,-31.268561731014003,45.15021459227469,-2.623655913978496,-34.38045375218151
282544.711952791,6.180048661800484,-31.268561731014003,44.20600858369099,-2.623655913978496,-34.38045375218151
282544.750302375,6.180048661800484,-31.01400084853627,43.09012875536479,-2.623655913978496,-34.38045375218151
282544.783944666,6.180048661800484,-30.929147221043692,42.06008583690988,-2.623655913978496,-34.38045375218151
282544.822320291,6.180048661800484,-30.929147221043692,41.11587982832617,-2.623655913978496,-34.38045375218151
282544.85916025,6.277372262773724,-30.844293593551114,40.257510729613756,-2.623655913978496,-34.38045375218151
282544.897518541,6.277372262773724,-30.844293593551114,39.65665236051504,-2.623655913978496,-34.38045375218151
282544.931671125,6.277372262773724,-30.844293593551114,39.39914163090128,-2.623655913978496,-34.38045375218151
282544.970012208,6.277372262773724,-30.844293593551114,39.055793991416294,-2.623655913978496,-34.38045375218151
282545.0083535,6.277372262773724,-30.844293593551114,38.96995708154506,-2.623655913978496,-34.38045375218151
282545.046700875,6.277372262773724,-30.844293593551114,38.96995708154506,-2.623655913978496,-34.38045375218151
282545.08504675,6.277372262773724,-30.844293593551114,38.88412017167383,-2.623655913978496,-34.38045375218151
282545.123398125,6.277372262773724,-30.844293593551114,38.88412017167383,-2.623655913978496,-34.38045375218151
282545.161750458,6.277372262773724,-30.844293593551114,38.88412017167383,-2.623655913978496,-34.38045375218151
282545.200122708,6.277372262773724,-30.844293593551114,38.88412017167383,-2.623655913978496,-34.38045375218151
282545.2384765,6.277372262773724,-30.844293593551114,38.88412017167383,-2.623655913978496,-34.38045375218151
282545.276826333,6.277372262773724,-30.844293593551114,38.88412017167383,-2.623655913978496,-34.38045375218151
282545.314660375,6.277372262773724,-30.844293593551114,39.141630901287556,-2.623655913978496,-34.38045375218151
282545.353003,6.277372262773724,-30.844293593551114,39.22746781115879,-2.623655913978496,-34.38045375218151
282545.390302875,6.277372262773724,-30.844293593551114,39.31330472103005,-2.623655913978496,-34.38045375218151
282545.428656791,6.277372262773724,-30.844293593551114,39.31330472103005,-2.623655913978496,-34.38045375218151
282545.467007708,6.37469586374695,-30.844293593551114,39.31330472103005,-2.623655913978496,-34.38045375218151
282545.505360041,6.37469586374695,-30.929147221043692,39.31330472103005,-2.623655913978496,-34.38045375218151
282545.543712541,6.37469586374695,-30.929147221043692,39.31330472103005,-2.623655913978496,-34.38045375218151
282545.582087416,6.37469586374695,-30.929147221043692,39.31330472103005,-2.623655913978496,-34.38045375218151
282545.620442416,6.37469586374695,-30.929147221043692,39.31330472103005,-2.623655913978496,-34.38045375218151
282545.657183083,6.37469586374695,-30.929147221043692,39.31330472103005,-2.623655913978496,-34.38045375218151
282545.692817916,6.37469586374695,-30.929147221043692,39.31330472103005,-2.623655913978496,-34.38045375218151
282545.731159791,6.37469586374695,-30.929147221043692,39.31330472103005,-2.623655913978496,-34.38045375218151
282545.769510708,6.37469586374695,-30.929147221043692,39.31330472103005,-2.623655913978496,-34.38045375218151
282545.80786275,6.37469586374695,-30.844293593551114,39.31330472103005,-2.623655913978496,-34.38045375218151
282545.846214041,6.37469586374695,-30.844293593551114,39.31330472103005,-2.623655913978496,-34.38045375218151
282545.884559166,6.37469586374695,-30.844293593551114,39.31330472103005,-2.623655913978496,-34.38045375218151
282545.922947958,6.37469586374695,-30.844293593551114,39.31330472103005,-2.623655913978496,-34.38045375218151
282545.961315375,6.277372262773724,-30.844293593551114,39.31330472103005,-2.7096774193548328,-34.38045375218151
282545.996187833,6.277372262773724,-30.844293593551114,39.31330472103005,-2.7096774193548328,-34.38045375218151
282546.034179833,6.277372262773724,-31.01400084853627,39.484978540772545,-2.7096774193548328,-34.38045375218151
282546.0725215,6.277372262773724,-31.098854476028848,39.828326180257505,-2.7096774193548328,-34.72949389179756
282546.110862083,6.277372262773724,-31.098854476028848,40.77253218884121,-2.7096774193548328,-35.340314136125656
282546.149210208,6.277372262773724,-31.098854476028848,41.71673819742489,-2.7096774193548328,-35.95113438045375
282546.187562,6.277372262773724,-31.183708103521425,42.403433476394866,-2.623655913978496,-36.64921465968587
282546.225913208,6.277372262773724,-31.183708103521425,43.09012875536479,-2.623655913978496,-37.43455497382199
282546.264264583,6.277372262773724,-31.183708103521425,43.690987124463504,-2.7096774193548328,-38.21989528795812
282546.299404,6.180048661800484,-31.183708103521425,44.120171673819755,-2.7096774193548328,-39.17975567190227
282546.336484208,6.180048661800484,-31.183708103521425,44.72103004291844,-2.7096774193548328,-40.31413612565446
282546.373810458,6.180048661800484,-31.183708103521425,45.493562231759654,-2.7096774193548328,-41.448516579406636
282546.410406666,6.180048661800484,-31.268561731014003,46.266094420600865,-2.7096774193548328,-42.4956369982548
282546.448747666,6.180048661800484,-31.268561731014003,47.12446351931331,-2.623655913978496,-43.36823734729494
282546.4870875,6.180048661800484,-31.268561731014003,47.98283261802575,-2.623655913978496,-43.89179755671903
282546.525435916,6.180048661800484,-31.268561731014003,48.755364806866964,-2.623655913978496,-44.24083769633508
282546.563788833,6.180048661800484,-31.268561731014003,49.35622317596565,-2.623655913978496,-44.4153577661431
282546.602143416,6.180048661800484,-31.268561731014003,49.69957081545064,-2.623655913978496,-44.58987783595113
282546.640492708,6.180048661800484,-31.268561731014003,49.871244635193136,-2.623655913978496,-44.58987783595113
282546.67886925,6.180048661800484,-31.268561731014003,49.871244635193136,-2.623655913978496,-44.502617801047116
282546.71722575,6.180048661800484,-31.268561731014003,49.871244635193136,-2.623655913978496,-44.32809773123909
282546.75557925,6.180048661800484,-31.268561731014003,49.7854077253219,-2.623655913978496,-44.24083769633508
282546.793857916,6.180048661800484,-31.268561731014003,49.69957081545064,-2.623655913978496,-44.06631762652705
282546.8321985,6.180048661800484,-31.268561731014003,49.18454935622319,-2.623655913978496,-43.36823734729494
282546.870549666,6.180048661800484,-31.268561731014003,47.98283261802575,-2.623655913978496,-41.8848167539267
282546.905615,6.180048661800484,-31.268561731014003,46.69527896995709,-2.7096774193548328,-40.139616055846425
282546.943965916,6.180048661800484,-31.268561731014003,45.40772532188842,-2.7096774193548328,-37.95811518324608
282546.982317583,6.180048661800484,-31.268561731014003,44.29184549356222,-2.7096774193548328,-35.6020942408377
282547.020703291,6.180048661800484,-31.268561731014003,43.43347639484978,-2.795698924731184,-32.98429319371728
282547.055648958,6.180048661800484,-31.183708103521425,42.83261802575106,-2.795698924731184,-30.54101221640488
282547.093947166,6.180048661800484,-31.183708103521425,42.317596566523605,-2.795698924731184,-27.92321116928447
282547.132326916,6.180048661800484,-31.183708103521425,42.14592274678111,-2.795698924731184,-25.130890052356023
282547.170669708,6.180048661800484,-31.183708103521425,42.14592274678111,-2.795698924731184,-22.600349040139605
282547.209010666,6.180048661800484,-31.183708103521425,42.14592274678111,-2.795698924731184,-20.331588132635247
282547.247359,6.180048661800484,-31.183708103521425,42.14592274678111,-2.795698924731184,-18.49912739965096
282547.285708833,6.180048661800484,-31.098854476028848,42.14592274678111,-2.795698924731184,-17.190226876090748
282547.324057666,6.180048661800484,-31.01400084853627,42.23175965665234,-2.795698924731184,-16.492146596858632
282547.362407541,6.180048661800484,-31.01400084853627,42.317596566523605,-2.795698924731184,-16.492146596858632
282547.400787625,6.180048661800484,-31.01400084853627,42.74678111587983,-2.795698924731184,-16.57940663176265
282547.439146291,6.180048661800484,-31.183708103521425,44.03433476394849,-2.795698924731184,-17.015706806282722
282547.475698625,6.180048661800484,-31.183708103521425,45.75107296137338,-2.7096774193548328,-18.06282722513089
282547.514048375,6.180048661800484,-31.268561731014003,47.55364806866953,-2.7096774193548328,-19.3717277486911
282547.552388708,6.180048661800484,-31.35341535850658,49.18454935622319,-2.623655913978496,-20.767888307155317
282547.590725791,6.180048661800484,-31.777683495969455,50.64377682403435,-2.623655913978496,-22.251308900523554
282547.629077416,6.180048661800484,-32.9656342808655,51.673819742489286,-2.623655913978496,-23.47294938917976
282547.667426083,6.180048661800484,-34.49299957573186,52.61802575107296,-2.623655913978496,-24.694589877835952
282547.705779958,6.277372262773724,-36.19007212558337,53.390557939914174,-2.623655913978496,-25.916230366492144
282547.744130333,6.277372262773724,-37.802291047942305,54.24892703862662,-2.623655913978496,-27.225130890052355
282547.780840833,6.277372262773724,-39.244802715316084,55.36480686695279,-2.7096774193548328,-28.621291448516587
282547.819194166,6.277372262773724,-40.43275350021214,56.56652360515022,-2.7096774193548328,-30.017452006980804
282547.855938916,6.277372262773724,-41.36614340263046,57.339055793991406,-2.7096774193548328,-31.326352530541016
282547.894286083,6.277372262773724,-42.29953330504878,58.11158798283262,-2.7096774193548328,-32.28621291448516
282547.93262375,6.277372262773724,-42.80865507000424,58.369098712446345,-2.7096774193548328,-32.89703315881326
282547.970972833,6.277372262773724,-43.232923207467124,58.454935622317606,-2.7096774193548328,-33.42059336823735
282548.009324541,6.277372262773724,-43.40263046245227,58.454935622317606,-2.7096774193548328,-33.68237347294939
282548.047671,6.180048661800484,-43.40263046245227,58.369098712446345,-2.7096774193548328,-33.595113438045374
282548.084340125,6.180048661800484,-43.40263046245227,58.369098712446345,-2.7096774193548328,-33.595113438045374
282548.122715625,6.180048661800484,-43.40263046245227,58.19742489270385,-2.7096774193548328,-33.50785340314137
282548.161079333,6.180048661800484,-43.40263046245227,57.76824034334766,-2.7096774193548328,-33.42059336823735
282548.195181541,6.180048661800484,-43.40263046245227,56.82403433476395,-2.795698924731184,-33.42059336823735
282548.233525375,6.277372262773724,-43.40263046245227,55.193133047210296,-2.795698924731184,-33.42059336823735
282548.271870416,6.277372262773724,-43.40263046245227,53.30472103004291,-2.795698924731184,-33.42059336823735
282548.310210541,6.180048661800484,-43.3177768349597,51.50214592274679,-2.795698924731184,-33.42059336823735
282548.348561875,6.180048661800484,-43.3177768349597,49.95708154506437,-2.795698924731184,-33.42059336823735
282548.386909375,6.180048661800484,-43.3177768349597,48.412017167381975,-2.795698924731184,-33.42059336823735
282548.425259333,6.180048661800484,-43.3177768349597,47.12446351931331,-2.795698924731184,-33.42059336823735
282548.463610583,6.180048661800484,-43.3177768349597,45.836909871244615,-2.623655913978496,-33.42059336823735
282548.501990083,6.277372262773724,-43.3177768349597,44.54935622317598,-2.623655913978496,-33.33333333333334
282548.538514958,6.277372262773724,-43.3177768349597,43.347639484978544,-2.7096774193548328,-33.33333333333334
282548.5723795,6.180048661800484,-43.3177768349597,42.403433476394866,-2.795698924731184,-33.33333333333334
282548.610736333,6.180048661800484,-43.3177768349597,41.545064377682394,-2.795698924731184,-33.33333333333334
282548.649073375,6.180048661800484,-43.3177768349597,40.858369098712444,-2.795698924731184,-33.33333333333334
282548.687409625,6.277372262773724,-43.3177768349597,40.51502145922748,-2.795698924731184,-33.33333333333334
282548.725620458,6.37469586374695,-43.3177768349597,40.42918454935622,-2.795698924731184,-33.24607329842932
282548.763972375,6.37469586374695,-43.3177768349597,40.42918454935622,-2.623655913978496,-33.15881326352532
282548.802323166,6.37469586374695,-43.3177768349597,40.42918454935622,-2.623655913978496,-32.37347294938918
282548.840669791,6.37469586374695,-43.3177768349597,40.51502145922748,-2.623655913978496,-30.715532286212905
282548.879052208,6.180048661800484,-43.232923207467124,40.51502145922748,-2.5376344086021447,-28.446771378708547
282548.917435375,6.180048661800484,-43.232923207467124,40.60085836909872,-2.5376344086021447,-26.09075043630017
282548.955788833,6.180048661800484,-43.06321595248197,40.94420600858368,-2.5376344086021447,-23.996509598603836
282548.9941395,6.180048661800484,-42.46924056003394,41.974248927038616,-2.5376344086021447,-22.251308900523554
282549.029102416,6.082725060827258,-41.62070428510819,43.17596566523605,-2.5376344086021447,-20.68062827225131
282549.067441833,6.082725060827258,-40.43275350021214,44.03433476394849,-2.5376344086021447,-19.284467713787095
282549.105790708,6.082725060827258,-39.075095460330935,44.63519313304721,-2.5376344086021447,-17.97556719022687
282549.144138541,6.082725060827258,-37.802291047942305,44.72103004291844,-2.5376344086021447,-16.57940663176265
282549.182489083,6.180048661800484,-36.44463300806109,44.806866952789704,-2.5376344086021447,-15.183246073298434
282549.220839916,6.082725060827258,-35.51124310564276,45.15021459227469,-2.5376344086021447,-13.874345549738223
282549.259214583,6.082725060827258,-34.74756045820959,45.15021459227469,-2.5376344086021447,-12.827225130890056
282549.29757575,6.082725060827258,-34.32329232074672,45.15021459227469,-2.5376344086021447,-12.041884816753921
282549.334356166,6.082725060827258,-34.23843869325414,45.15021459227469,-2.5376344086021447,-11.60558464223385
282549.367992875,6.082725060827258,-34.15358506576156,45.15021459227469,-2.5376344086021447,-11.60558464223385
282549.406333125,6.082725060827258,-34.06873143826898,45.15021459227469,-2.5376344086021447,-11.60558464223385
282549.444684333,6.082725060827258,-34.06873143826898,45.236051502145926,-2.5376344086021447,-11.60558464223385
282549.483034875,6.082725060827258,-34.06873143826898,45.32188841201716,-2.5376344086021447,-11.60558464223385
282549.516568458,6.082725060827258,-34.06873143826898,45.32188841201716,-2.5376344086021447,-11.60558464223385
282549.554920583,6.082725060827258,-34.06873143826898,45.40772532188842,-2.5376344086021447,-11.60558464223385
282549.593273166,6.082725060827258,-34.06873143826898,45.75107296137338,-2.5376344086021447,-11.69284467713787
282549.631648416,6.082725060827258,-34.32329232074672,46.69527896995709,-2.5376344086021447,-11.69284467713787
282549.669829583,6.082725060827258,-34.408145948239294,47.98283261802575,-2.451612903225808,-11.78010471204189
282549.703205125,6.082725060827258,-34.408145948239294,49.527896995708176,-2.451612903225808,-11.867364746945896
282549.741550708,6.082725060827258,-34.49299957573186,51.41630901287553,-2.451612903225808,-12.30366492146598
282549.779891458,6.082725060827258,-34.577853203224436,53.21888412017168,-2.451612903225808,-13.263525305410113
282549.818243875,6.082725060827258,-34.74756045820959,54.67811158798284,-2.451612903225808,-14.485165794066319
282549.856592333,6.082725060827258,-35.765803988120496,55.79399141630901,-2.365591397849471,-16.055846422338576
282549.894945583,6.082725060827258,-37.37802291047942,56.223175965665234,-2.365591397849471,-17.801047120418843
282549.93329625,6.277372262773724,-39.075095460330935,56.73819742489269,-2.365591397849471,-19.982547993019196
282549.971667208,6.277372262773724,-40.517607127704714,56.82403433476395,-2.365591397849471,-22.338568935427574
282550.009969125,6.277372262773724,-41.70555791260077,56.90987124463521,-2.451612903225808,-24.607329842931932
282550.048319791,6.37469586374695,-42.554094187526516,57.339055793991406,-2.451612903225808,-26.876090750436305
282550.086673833,6.37469586374695,-43.148069579974546,57.76824034334766,-2.451612903225808,-28.621291448516587
282550.125014875,6.37469586374695,-43.65719134492999,58.11158798283262,-2.451612903225808,-29.9301919720768
282550.163354125,6.37469586374695,-43.91175222740772,58.28326180257511,-2.451612903225808,-30.890052356020945
282550.201706708,6.277372262773724,-43.91175222740772,58.369098712446345,-2.451612903225808,-31.239092495636996
282550.240055458,6.180048661800484,-43.996605854900295,58.454935622317606,-2.451612903225808,-31.41361256544502
282550.278406541,6.180048661800484,-43.996605854900295,58.54077253218884,-2.451612903225808,-31.50087260034904
282550.316751416,6.180048661800484,-43.996605854900295,58.54077253218884,-2.451612903225808,-31.675392670157066
282550.355128416,6.180048661800484,-43.996605854900295,58.54077253218884,-2.451612903225808,-31.675392670157066
282550.390807833,6.180048661800484,-43.996605854900295,58.54077253218884,-2.5376344086021447,-31.762652705061072
282550.427281166,6.180048661800484,-43.996605854900295,58.62660944206007,-2.5376344086021447,-31.762652705061072
282550.462130791,6.180048661800484,-44.166313109885444,58.62660944206007,-2.5376344086021447,-31.84991273996509
282550.500470583,6.180048661800484,-44.166313109885444,58.62660944206007,-2.5376344086021447,-31.84991273996509
282550.538810875,6.180048661800484,-44.166313109885444,58.712446351931334,-2.5376344086021447,-32.11169284467714
282550.5771605,6.180048661800484,-44.166313109885444,58.712446351931334,-2.5376344086021447,-33.07155322862128
282550.6155125,6.180048661800484,-44.166313109885444,58.96995708154506,-2.5376344086021447,-34.554973821989535
282550.653861708,6.180048661800484,-44.08145948239287,58.96995708154506,-2.5376344086021447,-36.12565445026178
282550.69221325,6.180048661800484,-44.08145948239287,58.88412017167383,-2.5376344086021447,-37.43455497382199
282550.730592666,6.180048661800484,-44.08145948239287,58.88412017167383,-2.5376344086021447,-38.30715532286213
282550.768503125,6.180048661800484,-44.08145948239287,58.88412017167383,-2.5376344086021447,-38.830715532286206
282550.802060166,6.180048661800484,-44.08145948239287,58.88412017167383,-2.5376344086021447,-38.91797556719022
282550.840406666,6.180048661800484,-44.166313109885444,58.88412017167383,-2.5376344086021447,-38.91797556719022
282550.878746791,6.180048661800484,-44.166313109885444,58.88412017167383,-2.623655913978496,-38.91797556719022
282550.917098833,6.180048661800484,-44.166313109885444,58.88412017167383,-2.623655913978496,-38.91797556719022
282550.95545,6.180048661800484,-44.166313109885444,58.88412017167383,-2.7096774193548328,-38.91797556719022
282550.993797333,6.180048661800484,-44.166313109885444,58.88412017167383,-2.7096774193548328,-38.91797556719022
282551.032145833,6.180048661800484,-44.166313109885444,58.88412017167383,-2.7096774193548328,-38.91797556719022
282551.07053475,6.180048661800484,-44.166313109885444,58.88412017167383,-2.7096774193548328,-38.91797556719022
282551.108892,6.180048661800484,-44.166313109885444,58.88412017167383,-2.7096774193548328,-39.26701570680628
282551.147157416,6.180048661800484,-44.166313109885444,59.141630901287556,-2.7096774193548328,-39.26701570680628
282551.185511833,6.180048661800484,-44.166313109885444,59.22746781115879,-2.7096774193548328,-39.354275741710296
282551.223853625,6.277372262773724,-44.166313109885444,59.22746781115879,-2.7096774193548328,-39.354275741710296
282551.262191375,6.277372262773724,-44.166313109885444,58.96995708154506,-2.7096774193548328,-39.354275741710296
282551.300540708,6.277372262773724,-44.166313109885444,58.88412017167383,-2.7096774193548328,-39.354275741710296
282551.338890958,6.277372262773724,-44.166313109885444,58.88412017167383,-2.7096774193548328,-39.354275741710296
282551.377242916,6.277372262773724,-44.166313109885444,58.88412017167383,-2.7096774193548328,-39.354275741710296
282551.415593375,6.277372262773724,-44.166313109885444,58.88412017167383,-2.7096774193548328,-39.354275741710296
282551.453977333,6.277372262773724,-44.166313109885444,58.88412017167383,-2.7096774193548328,-39.354275741710296
282551.492328708,6.277372262773724,-44.166313109885444,58.88412017167383,-2.7096774193548328,-39.354275741710296
282551.530681583,6.277372262773724,-44.166313109885444,58.88412017167383,-2.7096774193548328,-39.354275741710296
282551.568485541,6.277372262773724,-44.166313109885444,58.88412017167383,-2.7096774193548328,-39.354275741710296
282551.606827,6.277372262773724,-44.166313109885444,58.88412017167383,-2.7096774193548328,-39.354275741710296
282551.645175875,6.277372262773724,-44.166313109885444,58.88412017167383,-2.7096774193548328,-39.354275741710296
282551.683526916,6.277372262773724,-44.166313109885444,58.88412017167383,-2.7096774193548328,-39.354275741710296
282551.72187925,6.277372262773724,-44.166313109885444,58.88412017167383,-2.7096774193548328,-39.354275741710296
282551.757948875,6.277372262773724,-44.166313109885444,58.88412017167383,-2.7096774193548328,-39.354275741710296
282551.796329083,6.277372262773724,-44.166313109885444,58.88412017167383,-2.7096774193548328,-39.354275741710296
282551.830622458,6.277372262773724,-44.166313109885444,58.88412017167383,-2.7096774193548328,-39.354275741710296
282551.868978333,6.277372262773724,-44.166313109885444,58.88412017167383,-2.7096774193548328,-39.354275741710296
282551.907332458,6.277372262773724,-44.166313109885444,58.88412017167383,-2.7096774193548328,-39.354275741710296
282551.945673333,6.37469586374695,-44.166313109885444,58.88412017167383,-2.7096774193548328,-39.354275741710296
282551.984014583,6.37469586374695,-44.166313109885444,58.88412017167383,-2.7096774193548328,-39.354275741710296
282552.022365125,6.37469586374695,-44.166313109885444,58.88412017167383,-2.7096774193548328,-39.354275741710296
282552.060719875,6.277372262773724,-44.166313109885444,58.88412017167383,-2.7096774193548328,-39.354275741710296
282552.099065541,6.180048661800484,-44.166313109885444,58.88412017167383,-2.7096774193548328,-39.354275741710296
282552.137417875,6.180048661800484,-44.166313109885444,58.88412017167383,-2.7096774193548328,-39.354275741710296
282552.17581175,6.180048661800484,-44.166313109885444,58.88412017167383,-2.7096774193548328,-39.354275741710296
282552.213849708,6.180048661800484,-44.166313109885444,58.88412017167383,-2.7096774193548328,-39.354275741710296
282552.251159875,6.180048661800484,-44.166313109885444,58.88412017167383,-2.7096774193548328,-39.354275741710296
282552.285543125,6.277372262773724,-44.166313109885444,58.88412017167383,-2.7096774193548328,-39.354275741710296
282552.323883791,6.277372262773724,-44.166313109885444,58.88412017167383,-2.7096774193548328,-39.354275741710296
282552.362223416,6.277372262773724,-44.166313109885444,58.88412017167383,-2.7096774193548328,-39.354275741710296
282552.400572833,6.277372262773724,-44.166313109885444,58.88412017167383,-2.7096774193548328,-39.354275741710296
282552.438922666,6.277372262773724,-44.166313109885444,58.88412017167383,-2.7096774193548328,-39.354275741710296
282552.47726775,6.277372262773724,-44.166313109885444,58.88412017167383,-2.7096774193548328,-39.354275741710296
282552.515619166,6.277372262773724,-44.166313109885444,58.88412017167383,-2.7096774193548328,-39.354275741710296
282552.554000791,6.277372262773724,-44.166313109885444,58.88412017167383,-2.623655913978496,-39.354275741710296
282552.591102708,6.277372262773724,-44.08145948239287,58.88412017167383,-2.623655913978496,-39.354275741710296
282552.629466166,6.277372262773724,-44.08145948239287,58.88412017167383,-2.623655913978496,-39.354275741710296
282552.667813708,6.277372262773724,-44.08145948239287,58.88412017167383,-2.623655913978496,-39.354275741710296
282552.706154333,6.277372262773724,-43.996605854900295,58.88412017167383,-2.623655913978496,-39.354275741710296
282552.744495375,6.277372262773724,-43.996605854900295,58.88412017167383,-2.623655913978496,-39.354275741710296
282552.7828485,6.277372262773724,-44.08145948239287,58.88412017167383,-2.623655913978496,-39.354275741710296
282552.817472166,6.277372262773724,-44.08145948239287,58.88412017167383,-2.623655913978496,-39.354275741710296
282552.855818833,6.277372262773724,-44.08145948239287,58.88412017167383,-2.623655913978496,-39.354275741710296
282552.894171333,6.277372262773724,-44.08145948239287,58.88412017167383,-2.623655913978496,-39.354275741710296
282552.932535375,6.277372262773724,-44.08145948239287,58.88412017167383,-2.623655913978496,-39.354275741710296
282552.96976,6.277372262773724,-44.08145948239287,58.88412017167383,-2.623655913978496,-39.354275741710296
282553.003452875,6.277372262773724,-44.08145948239287,58.88412017167383,-2.623655913978496,-39.354275741710296
282553.041797375,6.277372262773724,-44.08145948239287,58.88412017167383,-2.623655913978496,-39.354275741710296
282553.080138833,6.277372262773724,-44.08145948239287,58.88412017167383,-2.623655913978496,-39.354275741710296
282553.118491791,6.277372262773724,-44.08145948239287,58.88412017167383,-2.623655913978496,-39.354275741710296
282553.156843708,6.277372262773724,-44.08145948239287,58.88412017167383,-2.623655913978496,-39.354275741710296
282553.195198416,6.277372262773724,-44.08145948239287,58.88412017167383,-2.623655913978496,-39.354275741710296
282553.233549416,6.277372262773724,-44.08145948239287,58.88412017167383,-2.623655913978496,-39.354275741710296
282553.271923875,6.277372262773724,-44.08145948239287,58.88412017167383,-2.623655913978496,-39.354275741710296
282553.30596725,6.277372262773724,-44.08145948239287,58.88412017167383,-2.623655913978496,-39.354275741710296
282553.343122,6.37469586374695,-44.08145948239287,58.88412017167383,-2.623655913978496,-39.354275741710296
282553.380359125,6.37469586374695,-44.08145948239287,58.88412017167383,-2.623655913978496,-39.354275741710296
282553.418701708,6.37469586374695,-44.08145948239287,58.88412017167383,-2.623655913978496,-39.354275741710296
282553.45704225,6.37469586374695,-44.08145948239287,58.88412017167383,-2.623655913978496,-39.354275741710296
282553.4953955,6.37469586374695,-44.08145948239287,58.88412017167383,-2.623655913978496,-39.354275741710296
282553.533747833,6.37469586374695,-44.08145948239287,58.88412017167383,-2.623655913978496,-39.354275741710296
282553.572096958,6.37469586374695,-44.08145948239287,58.88412017167383,-2.623655913978496,-39.354275741710296
282553.610447666,6.37469586374695,-44.08145948239287,58.88412017167383,-2.623655913978496,-39.354275741710296
282553.648819291,6.37469586374695,-44.08145948239287,58.88412017167383,-2.623655913978496,-39.354275741710296
282553.687179458,6.37469586374695,-44.08145948239287,58.88412017167383,-2.623655913978496,-39.354275741710296
282553.725544625,6.37469586374695,-44.08145948239287,58.88412017167383,-2.623655913978496,-39.354275741710296
282553.76328775,6.37469586374695,-44.08145948239287,58.88412017167383,-2.623655913978496,-39.354275741710296
282553.801629041,6.37469586374695,-44.08145948239287,58.88412017167383,-2.623655913978496,-39.354275741710296
282553.839968791,6.37469586374695,-44.08145948239287,58.88412017167383,-2.623655913978496,-39.354275741710296
282553.878320458,6.37469586374695,-44.08145948239287,58.88412017167383,-2.623655913978496,-39.354275741710296
282553.916673333,6.37469586374695,-44.08145948239287,58.88412017167383,-2.623655913978496,-39.354275741710296
282553.955021041,6.37469586374695,-44.08145948239287,58.88412017167383,-2.623655913978496,-39.354275741710296
282553.993375291,6.37469586374695,-44.08145948239287,58.96995708154506,-2.623655913978496,-39.354275741710296
282554.028730583,6.37469586374695,-44.08145948239287,59.05579399141632,-2.623655913978496,-39.354275741710296
282554.067125583,6.37469586374695,-44.08145948239287,59.141630901287556,-2.623655913978496,-39.354275741710296
282554.105475041,6.37469586374695,-44.08145948239287,59.22746781115879,-2.623655913978496,-39.354275741710296
282554.143821,6.37469586374695,-44.08145948239287,59.22746781115879,-2.623655913978496,-39.354275741710296
282554.182161375,6.37469586374695,-44.08145948239287,59.22746781115879,-2.623655913978496,-39.354275741710296
282554.220508625,6.37469586374695,-44.08145948239287,59.22746781115879,-2.623655913978496,-39.354275741710296
282554.258860875,6.37469586374695,-44.08145948239287,59.22746781115879,-2.623655913978496,-39.354275741710296
282554.297212416,6.37469586374695,-44.08145948239287,59.22746781115879,-2.623655913978496,-39.354275741710296
282554.335564125,6.37469586374695,-44.08145948239287,59.22746781115879,-2.623655913978496,-39.354275741710296
282554.373943375,6.37469586374695,-44.08145948239287,59.22746781115879,-2.623655913978496,-39.354275741710296
282554.412311125,6.37469586374695,-44.08145948239287,59.22746781115879,-2.623655913978496,-39.354275741710296
282554.45066425,6.37469586374695,-44.08145948239287,59.22746781115879,-2.623655913978496,-39.354275741710296
282554.489016875,6.37469586374695,-44.08145948239287,59.22746781115879,-2.623655913978496,-39.354275741710296
282554.527358541,6.37469586374695,-44.08145948239287,59.22746781115879,-2.623655913978496,-39.354275741710296
282554.56569775,6.37469586374695,-44.08145948239287,59.22746781115879,-2.623655913978496,-39.354275741710296
282554.604051416,6.37469586374695,-44.08145948239287,59.22746781115879,-2.623655913978496,-39.354275741710296
282554.642400833,6.37469586374695,-44.08145948239287,59.22746781115879,-2.623655913978496,-39.354275741710296
282554.680752791,6.37469586374695,-44.08145948239287,59.22746781115879,-2.623655913978496,-39.354275741710296
282554.719102416,6.37469586374695,-44.08145948239287,59.22746781115879,-2.623655913978496,-39.354275741710296
282554.75748225,6.37469586374695,-44.08145948239287,59.22746781115879,-2.623655913978496,-39.354275741710296
282554.795843291,6.277372262773724,-44.08145948239287,59.22746781115879,-2.623655913978496,-39.354275741710296
282554.834199625,6.277372262773724,-44.166313109885444,59.22746781115879,-2.623655913978496,-39.354275741710296
282554.872548916,6.277372262773724,-44.166313109885444,59.22746781115879,-2.623655913978496,-39.354275741710296
282554.910889208,6.277372262773724,-44.166313109885444,59.22746781115879,-2.623655913978496,-39.354275741710296
282554.949238875,6.277372262773724,-44.166313109885444,59.22746781115879,-2.623655913978496,-39.354275741710296
282554.98759025,6.277372262773724,-44.166313109885444,59.22746781115879,-2.623655913978496,-39.354275741710296
282555.025936375,6.277372262773724,-44.166313109885444,59.22746781115879,-2.623655913978496,-39.354275741710296
282555.064286291,6.277372262773724,-44.166313109885444,59.22746781115879,-2.623655913978496,-39.354275741710296
282555.102675041,6.277372262773724,-44.166313109885444,59.22746781115879,-2.623655913978496,-39.354275741710296
282555.141037833,6.277372262773724,-44.166313109885444,59.31330472103005,-2.623655913978496,-39.354275741710296
282555.179403041,6.277372262773724,-44.166313109885444,59.31330472103005,-2.623655913978496,-39.354275741710296
282555.212972708,6.277372262773724,-44.166313109885444,59.31330472103005,-2.623655913978496,-39.354275741710296
282555.25131225,6.277372262773724,-44.166313109885444,59.31330472103005,-2.623655913978496,-39.354275741710296
282555.289653958,6.277372262773724,-44.166313109885444,59.31330472103005,-2.623655913978496,-39.354275741710296
282555.328004041,6.277372262773724,-44.166313109885444,59.31330472103005,-2.623655913978496,-39.354275741710296
282555.366356125,6.277372262773724,-44.166313109885444,59.31330472103005,-2.623655913978496,-39.354275741710296
282555.404706,6.277372262773724,-44.166313109885444,59.39914163090128,-2.623655913978496,-39.354275741710296
282555.443054875,6.277372262773724,-44.25116673737802,59.39914163090128,-2.623655913978496,-39.354275741710296
282555.481424666,6.277372262773724,-44.3360203648706,59.39914163090128,-2.623655913978496,-39.354275741710296
282555.519799,6.277372262773724,-44.92999575731863,59.39914163090128,-2.623655913978496,-39.354275741710296
282555.558164,6.277372262773724,-45.6936784047518,59.39914163090128,-2.623655913978496,-39.354275741710296
282555.59652075,6.37469586374695,-46.54221467967755,59.48497854077252,-2.623655913978496,-39.354275741710296
282555.634861333,6.472019464720205,-47.22104369961816,60.0,-2.623655913978496,-39.354275741710296
282555.673201458,6.472019464720205,-47.815019092066194,61.03004291845494,-2.623655913978496,-39.354275741710296
282555.71155275,6.472019464720205,-48.49384811200679,62.317596566523605,-2.623655913978496,-39.354275741710296
282555.749905416,6.472019464720205,-49.25753075943997,64.03433476394852,-2.623655913978496,-39.354275741710296
282555.788258708,6.472019464720205,-50.10606703436572,65.92274678111588,-2.623655913978496,-39.354275741710296
282555.826607416,6.472019464720205,-51.03945693678405,67.72532188841203,-2.623655913978496,-39.354275741710296
282555.864985041,6.472019464720205,-52.05770046669495,69.61373390557938,-2.623655913978496,-39.354275741710296
282555.903109875,6.472019464720205,-53.245651251591006,71.58798283261802,-2.623655913978496,-39.354275741710296
282555.9414665,6.472019464720205,-54.43360203648706,73.39055793991415,-2.623655913978496,-39.354275741710296
282555.979813708,6.37469586374695,-55.79126007636827,75.1931330472103,-2.623655913978496,-39.354275741710296
282556.018154458,6.277372262773724,-57.403478998727195,76.99570815450645,-2.623655913978496,-39.354275741710296
282556.056502791,6.277372262773724,-59.18540517607128,78.71244635193133,-2.623655913978496,-39.354275741710296
282556.094856333,6.180048661800484,-61.13703860840051,80.34334763948499,-2.623655913978496,-39.354275741710296
282556.133206125,6.180048661800484,-63.08867204072974,81.80257510729615,-2.623655913978496,-39.354275741710296
282556.171559375,6.180048661800484,-65.12515910055154,83.34763948497854,-2.623655913978496,-39.354275741710296
282556.205248083,6.180048661800484,-66.90708527789562,84.54935622317598,-2.623655913978496,-39.354275741710296
282556.243614791,6.082725060827258,-69.02842596521,86.00858369098711,-2.623655913978496,-39.354275741710296
282556.281979375,6.082725060827258,-71.14976665252439,87.2961373390558,-2.623655913978496,-39.354275741710296
282556.320335583,6.082725060827258,-73.1862537123462,88.49785407725321,-2.623655913978496,-39.354275741710296
282556.358677125,6.082725060827258,-75.30759439966059,89.69957081545064,-2.623655913978496,-39.354275741710296
282556.397016958,6.082725060827258,-77.3440814594824,90.90128755364805,-2.623655913978496,-39.354275741710296
282556.435366083,6.082725060827258,-79.3805685193042,92.01716738197425,-2.623655913978496,-39.354275741710296
282556.473718458,6.082725060827258,-81.16249469664828,93.13304721030042,-2.623655913978496,-39.354275741710296
282556.508651625,6.082725060827258,-82.77471361900722,94.16309012875536,-2.623655913978496,-39.354275741710296
282556.546997041,6.082725060827258,-84.30207891387357,95.27896995708153,-2.623655913978496,-39.354275741710296
282556.58538275,6.082725060827258,-85.74459058124735,96.39484978540773,-2.623655913978496,-39.354275741710296
282556.623096208,6.082725060827258,-87.10224862112855,97.59656652360516,-2.623655913978496,-39.354275741710296
282556.661454208,6.082725060827258,-88.29019940602461,98.88412017167383,-2.623655913978496,-39.354275741710296
282556.695033833,6.082725060827258,-89.39329656342808,99.57081545064378,-2.623655913978496,-39.354275741710296
282556.733375,6.082725060827258,-90.66610097581672,99.91416309012874,-2.623655913978496,-39.354275741710296
282556.771715833,6.082725060827258,-91.85405176071276,99.65665236051501,-2.623655913978496,-39.354275741710296
282556.810067708,6.082725060827258,-93.04200254560882,99.48497854077254,-2.623655913978496,-39.354275741710296
282556.848416666,6.082725060827258,-94.22995333050488,99.48497854077254,-2.623655913978496,-39.354275741710296
282556.886768916,6.082725060827258,-95.58761137038609,99.48497854077254,-2.623655913978496,-39.354275741710296
282556.925117916,6.082725060827258,-96.86041578277471,99.48497854077254,-2.623655913978496,-39.354275741710296
282556.963503916,6.180048661800484,-98.04836656767077,99.48497854077254,-2.623655913978496,-39.354275741710296
282557.001592208,6.180048661800484,-98.81204921510394,99.48497854077254,-2.623655913978496,-39.354275741710296
282557.039953083,6.180048661800484,-99.40602460755197,99.48497854077254,-2.623655913978496,-39.354275741710296
282557.077810625,6.180048661800484,-99.6605854900297,99.48497854077254,-2.623655913978496,-39.354275741710296
282557.115495708,6.180048661800484,-99.6605854900297,99.48497854077254,-2.623655913978496,-39.354275741710296
282557.153848458,6.180048661800484,-99.6605854900297,99.48497854077254,-2.623655913978496,-39.354275741710296
282557.192202333,6.180048661800484,-99.6605854900297,99.48497854077254,-2.623655913978496,-39.354275741710296
282557.230554458,6.180048661800484,-99.6605854900297,99.48497854077254,-2.623655913978496,-39.354275741710296
282557.268912833,6.180048661800484,-99.6605854900297,99.48497854077254,-2.623655913978496,-39.354275741710296
282557.307294291,6.180048661800484,-99.6605854900297,99.48497854077254,-2.623655913978496,-39.354275741710296
282557.341449666,6.180048661800484,-99.6605854900297,99.48497854077254,-2.623655913978496,-39.354275741710296
282557.379826708,6.277372262773724,-99.6605854900297,99.48497854077254,-2.623655913978496,-39.354275741710296
282557.418092125,6.277372262773724,-99.6605854900297,99.48497854077254,-2.623655913978496,-39.354275741710296
282557.456430416,6.37469586374695,-99.74543911752228,99.48497854077254,-2.623655913978496,-39.354275741710296
282557.49477075,6.37469586374695,-99.83029274501484,99.48497854077254,-2.623655913978496,-39.354275741710296
282557.533119458,6.472019464720205,-99.83029274501484,99.48497854077254,-2.623655913978496,-39.354275741710296
282557.57147125,6.472019464720205,-99.83029274501484,99.48497854077254,-2.623655913978496,-39.354275741710296
282557.609820083,6.472019464720205,-99.83029274501484,99.48497854077254,-2.623655913978496,-39.354275741710296
282557.6481705,6.472019464720205,-99.83029274501484,99.48497854077254,-2.623655913978496,-39.354275741710296
282557.686552083,6.472019464720205,-99.83029274501484,99.48497854077254,-2.623655913978496,-39.354275741710296
282557.72226825,6.472019464720205,-99.83029274501484,99.48497854077254,-2.623655913978496,-39.354275741710296
282557.760494916,6.277372262773724,-99.83029274501484,99.48497854077254,-2.623655913978496,-39.354275741710296
282557.798847875,6.277372262773724,-99.83029274501484,99.48497854077254,-2.623655913978496,-39.354275741710296
282557.837188791,6.277372262773724,-99.83029274501484,99.48497854077254,-2.623655913978496,-39.354275741710296
282557.87249025,6.37469586374695,-99.83029274501484,99.48497854077254,-2.623655913978496,-39.354275741710296
282557.910844,6.37469586374695,-99.83029274501484,99.48497854077254,-2.623655913978496,-39.354275741710296
282557.949193166,6.472019464720205,-99.74543911752228,99.48497854077254,-2.623655913978496,-39.354275741710296
282557.987544416,6.472019464720205,-99.74543911752228,99.48497854077254,-2.623655913978496,-39.354275741710296
282558.025891041,6.472019464720205,-99.74543911752228,99.48497854077254,-2.623655913978496,-39.354275741710296
282558.064263583,6.472019464720205,-99.74543911752228,99.48497854077254,-2.623655913978496,-39.354275741710296
282558.101830791,6.472019464720205,-99.74543911752228,99.48497854077254,-2.623655913978496,-39.354275741710296
282558.140187,6.472019464720205,-99.74543911752228,99.48497854077254,-2.623655913978496,-39.354275741710296
282558.178538375,6.472019464720205,-99.74543911752228,99.48497854077254,-2.623655913978496,-39.354275741710296
282558.216880083,6.472019464720205,-99.74543911752228,99.48497854077254,-2.623655913978496,-39.354275741710296
282558.255216208,6.472019464720205,-99.74543911752228,99.48497854077254,-2.623655913978496,-39.354275741710296
282558.293570791,6.472019464720205,-99.74543911752228,99.48497854077254,-2.623655913978496,-39.354275741710296
282558.328840375,6.472019464720205,-99.74543911752228,99.48497854077254,-2.623655913978496,-39.354275741710296
282558.367193375,6.472019464720205,-99.74543911752228,99.48497854077254,-2.623655913978496,-39.354275741710296
282558.405544,6.472019464720205,-99.74543911752228,99.48497854077254,-2.623655913978496,-39.354275741710296
282558.443926,6.472019464720205,-99.74543911752228,99.48497854077254,-2.623655913978496,-39.354275741710296
282558.482293375,6.472019464720205,-99.74543911752228,99.48497854077254,-2.623655913978496,-39.354275741710296
282558.520646125,6.472019464720205,-99.74543911752228,99.48497854077254,-2.623655913978496,-39.354275741710296
282558.558988875,6.472019464720205,-99.74543911752228,99.48497854077254,-2.623655913978496,-39.354275741710296
282558.597329583,6.472019464720205,-99.74543911752228,99.48497854077254,-2.623655913978496,-39.354275741710296
282558.635682791,6.472019464720205,-99.74543911752228,99.48497854077254,-2.623655913978496,-39.354275741710296
282558.674036291,6.472019464720205,-99.74543911752228,99.48497854077254,-2.623655913978496,-39.354275741710296
282558.712385708,6.472019464720205,-99.74543911752228,99.48497854077254,-2.623655913978496,-39.354275741710296
