t_ms,mode,base_yaw,base_pitch,elbow_pitch,wrist_roll,wrist_pitch
39.0,playing,7.64,-98.80,99.99,-0.04,-65.62
87.6,playing,7.64,-98.76,99.96,-0.04,-65.60
120.8,playing,7.64,-98.70,99.91,-0.04,-65.59
159.3,playing,7.64,-98.62,99.83,-0.04,-65.56
200.9,playing,7.64,-98.51,99.74,-0.04,-65.52
239.5,playing,7.64,-98.37,99.63,-0.04,-65.48
277.6,playing,7.64,-98.22,99.49,-0.04,-65.44
317.4,playing,7.64,-98.04,99.34,-0.05,-65.38
352.7,playing,7.64,-97.84,99.17,-0.05,-65.32
391.4,playing,7.64,-97.62,98.99,-0.05,-65.25
425.4,playing,7.63,-97.38,98.78,-0.05,-65.18
463.8,playing,7.63,-97.12,98.56,-0.05,-65.10
505.6,playing,7.63,-96.84,98.32,-0.05,-65.01
553.3,playing,7.63,-96.54,98.06,-0.05,-64.91
604.8,playing,7.63,-96.22,97.79,-0.05,-64.82
628.6,playing,7.63,-95.88,97.50,-0.05,-64.71
667.8,playing,7.63,-95.52,97.19,-0.05,-64.60
713.8,playing,7.63,-95.14,96.87,-0.05,-64.48
746.8,playing,7.62,-94.75,96.54,-0.05,-64.36
786.5,playing,7.62,-94.34,96.19,-0.05,-64.23
827.2,playing,7.62,-93.91,95.82,-0.06,-64.10
906.7,playing,7.62,-93.47,95.44,-0.06,-63.96
942.2,playing,7.62,-93.00,95.05,-0.06,-63.82
977.9,playing,7.61,-92.53,94.64,-0.06,-63.67
1016.0,playing,7.61,-92.04,94.23,-0.06,-63.52
1052.2,playing,7.61,-91.53,93.79,-0.06,-63.36
1090.6,playing,7.61,-91.01,93.35,-0.06,-63.20
1129.0,playing,7.61,-90.48,92.90,-0.06,-63.04
1168.5,playing,7.60,-89.93,92.43,-0.07,-62.87
1206.9,playing,7.60,-89.37,91.95,-0.07,-62.69
1245.2,playing,7.60,-88.80,91.47,-0.07,-62.52
1284.8,playing,7.60,-88.22,90.97,-0.07,-62.34
1323.2,playing,7.60,-87.62,90.46,-0.07,-62.15
1361.9,playing,7.59,-87.01,89.94,-0.07,-61.96
1420.4,playing,7.59,-86.39,89.41,-0.08,-61.77
1455.1,playing,7.59,-85.76,88.88,-0.08,-61.58
1493.4,playing,7.59,-85.12,88.33,-0.08,-61.38
1529.9,playing,7.58,-84.47,87.78,-0.08,-61.18
1563.7,playing,7.58,-83.82,87.22,-0.08,-60.97
1602.0,playing,7.58,-83.15,86.65,-0.08,-60.77
1640.5,playing,7.58,-82.47,86.07,-0.09,-60.56
1679.2,playing,7.57,-81.79,85.49,-0.09,-60.35
1717.7,playing,7.57,-81.10,84.90,-0.09,-60.13
1758.1,playing,7.57,-80.40,84.31,-0.09,-59.91
1796.7,playing,7.56,-79.70,83.71,-0.09,-59.70
1835.1,playing,7.56,-78.99,83.10,-0.09,-59.48
1873.5,playing,7.56,-78.27,82.49,-0.10,-59.25
1921.2,playing,7.56,-77.55,81.87,-0.10,-59.03
1961.9,playing,7.55,-76.82,81.25,-0.10,-58.80
2057.3,playing,7.55,-76.09,80.63,-0.10,-58.58
2089.6,playing,7.55,-75.35,80.00,-0.10,-58.35
2138.7,playing,7.54,-74.61,79.37,-0.11,-58.12
2175.1,playing,7.54,-73.87,78.74,-0.11,-57.89
2213.5,playing,7.54,-73.12,78.10,-0.11,-57.66
2251.8,playing,7.53,-72.37,77.46,-0.11,-57.43
2290.2,playing,7.53,-71.62,76.82,-0.11,-57.19
2328.6,playing,7.53,-70.87,76.18,-0.12,-56.96
2364.9,playing,7.53,-70.12,75.54,-0.12,-56.73
2403.9,playing,7.52,-69.36,74.89,-0.12,-56.49
2444.3,playing,7.52,-68.61,74.25,-0.12,-56.26
2482.6,playing,7.52,-67.85,73.61,-0.12,-56.03
2522.5,playing,7.51,-67.10,72.96,-0.13,-55.79
2560.8,playing,7.51,-66.34,72.32,-0.13,-55.56
2597.1,playing,7.51,-65.59,71.68,-0.13,-55.33
2635.5,playing,7.50,-64.84,71.04,-0.13,-55.09
2697.4,playing,7.50,-64.09,70.40,-0.13,-54.86
2725.2,playing,7.50,-63.34,69.76,-0.14,-54.63
2760.2,playing,7.50,-62.60,69.13,-0.14,-54.40
2798.5,playing,7.49,-61.86,68.50,-0.14,-54.17
2836.8,playing,7.49,-61.12,67.87,-0.14,-53.94
2875.2,playing,7.49,-60.39,67.25,-0.14,-53.71
2913.5,playing,7.48,-59.67,66.63,-0.14,-53.49
2951.9,playing,7.48,-58.94,66.01,-0.15,-53.27
2987.9,playing,7.48,-58.23,65.40,-0.15,-53.04
3026.2,playing,7.48,-57.51,64.79,-0.15,-52.82
3064.5,playing,7.47,-56.81,64.19,-0.15,-52.60
3098.8,playing,7.47,-56.11,63.60,-0.15,-52.39
3137.2,playing,7.47,-55.42,63.01,-0.16,-52.17
3175.6,playing,7.46,-54.74,62.43,-0.16,-51.96
3213.9,playing,7.46,-54.06,61.85,-0.16,-51.75
3247.9,playing,7.46,-53.40,61.28,-0.16,-51.55
3346.9,playing,7.46,-52.74,60.72,-0.16,-51.34
3362.1,playing,7.45,-52.09,60.17,-0.16,-51.14
3450.9,playing,7.45,-51.45,59.62,-0.17,-50.94
3515.9,playing,7.45,-50.82,59.09,-0.17,-50.75
3575.7,playing,7.45,-50.20,58.56,-0.17,-50.56
3703.1,playing,7.44,-49.59,58.04,-0.17,-50.37
3731.8,playing,7.44,-49.00,57.53,-0.17,-50.18
3769.1,playing,7.44,-48.41,57.03,-0.17,-50.00
3809.3,playing,7.44,-47.84,56.55,-0.18,-49.82
3847.1,playing,7.44,-47.28,56.07,-0.18,-49.65
3885.4,playing,7.43,-46.73,55.60,-0.18,-49.48
3923.8,playing,7.43,-46.20,55.15,-0.18,-49.32
3961.7,playing,7.43,-45.68,54.71,-0.18,-49.16
4000.0,playing,7.43,-45.17,54.27,-0.18,-49.00
4038.4,playing,7.42,-44.68,53.86,-0.18,-48.85
4076.7,playing,7.42,-44.21,53.45,-0.18,-48.70
4115.1,playing,7.42,-43.75,53.06,-0.19,-48.56
4149.1,playing,7.42,-43.30,52.68,-0.19,-48.42
4187.4,playing,7.42,-42.87,52.31,-0.19,-48.29
4225.8,playing,7.42,-42.46,51.96,-0.19,-48.16
4264.1,playing,7.41,-42.07,51.63,-0.19,-48.04
4302.4,playing,7.41,-41.69,51.31,-0.19,-47.92
4340.8,playing,7.41,-41.34,51.00,-0.19,-47.81
4394.0,playing,7.41,-41.00,50.71,-0.19,-47.70
4437.3,playing,7.41,-40.67,50.44,-0.19,-47.60
4488.1,playing,7.41,-40.37,50.18,-0.19,-47.51
4525.0,playing,7.41,-40.09,49.94,-0.20,-47.42
4569.6,playing,7.41,-39.83,49.72,-0.20,-47.34
4618.9,playing,7.40,-39.59,49.51,-0.20,-47.27
4662.9,playing,7.40,-39.37,49.33,-0.20,-47.20
4694.2,playing,7.40,-39.17,49.16,-0.20,-47.14
4726.5,playing,7.40,-38.99,49.01,-0.20,-47.08
4764.6,playing,7.40,-38.84,48.87,-0.20,-47.04
4803.0,playing,7.40,-38.71,48.76,-0.20,-46.99
4841.3,playing,7.40,-38.60,48.67,-0.20,-46.96
4879.6,playing,7.40,-38.51,48.59,-0.20,-46.93
4918.0,playing,7.40,-38.45,48.54,-0.20,-46.92
4952.3,playing,7.40,-38.41,48.51,-0.20,-46.90
4987.2,playing,7.40,-38.40,48.50,-0.20,-46.90
